id,rank,name,price,image,link,category
1,1,올예스 콜드브루 원액 500ml+500ml 더치커피 수제 3종,10900 ,https://shop-phinf.pstatic.net/20220620_232/1655710114586N4m5i_JPEG/56845898247831928_978039503.jpg?type=f200,https://smartstore.naver.com/inflow/outlink/product?p=8468448637&tr=bbrks&trx=,20W
2,2,레인부츠 여성장화 가벼운 츄츄스,32900 ,https://shop-phinf.pstatic.net/20211109_228/1636442284962pgmbS_PNG/37578068664200680_1081114654.png?type=f200,https://smartstore.naver.com/inflow/outlink/product?p=2444661386&tr=bbrks&trx=,20W
3,3,하림펫푸드 더리얼 캣 크런치 고양이 사료 1.6kg,33250 ,https://shop-phinf.pstatic.net/20230525_204/1684992343132aP9Gu_JPEG/35166891024230264_1399205473.jpg?type=f200,https://smartstore.naver.com/inflow/outlink/product?p=5997417961&tr=bbrks&trx=,20W
4,4,(A)소소한하루 양파,990 ,https://shop-phinf.pstatic.net/20230517_9/1684296534827ITu8C_JPEG/45257448753370286_722872439.jpg?type=f200,https://shopping.naver.com/outlink/itemdetail/5899357112,20W
5,5,[스킨푸드] 캐롯 카로틴 카밍 워터 패드 60매 250g_당근패드,17420 ,https://shop-phinf.pstatic.net/20230411_163/1681185828458AP55p_JPEG/82321656280278136_1042238369.jpg?type=f200,https://smartstore.naver.com/inflow/outlink/product?p=4995332955&tr=bbrks&trx=,20W
6,6,맛있게 매운 대전 선화동 실비 김치 800g,13200 ,https://shop-phinf.pstatic.net/20220420_263/1650435541265J1QvI_JPEG/51571436682780274_1056948856.jpg?type=f200,https://smartstore.naver.com/inflow/outlink/product?p=5176492000&tr=bbrks&trx=,20W
7,7,햇반 작은공기130Gx36개,30900 ,https://shop-phinf.pstatic.net/20230209_266/1675924316742WjUte_JPEG/77060215440306245_689498788.jpg?type=f200,https://smartstore.naver.com/inflow/outlink/product?p=2663084122&tr=bbrks&trx=,20W
8,8,[즉시배송]MAGNETA mini(마그네타 미니) - 반려동물용 항산화 영양제,42500 ,https://shop-phinf.pstatic.net/20220519_74/16529303484162w2mL_JPEG/54066182210918333_1112943303.jpg?type=f200,https://smartstore.naver.com/inflow/outlink/product?p=5304030578&tr=bbrks&trx=,20W
9,9,[6주년] 남녀공용 첼시 레인부츠 (220 ~ 275) 눈올때 비올때 축제 농사에 막신으세요!,19900 ,https://shop-phinf.pstatic.net/20210707_159/16256482769566MAu3_JPEG/26784175591127627_1703912412.jpg?type=f200,https://smartstore.naver.com/inflow/outlink/product?p=2608312305&tr=bbrks&trx=,20W
10,10,제주 미니밤호박 미니단호박 3kg 5kg 10kg 보우짱,15400 ,https://shop-phinf.pstatic.net/20200809_16/1596960423431NIT1t_JPEG/34323811731502900_1322743729.jpg?type=f200,https://smartstore.naver.com/inflow/outlink/product?p=5053979013&tr=bbrks&trx=,20W
11,11,코스알엑스 더 레티놀 0.1 크림 20ml / 모공개선 주름개선 탄력케어,17500 ,https://shop-phinf.pstatic.net/20230331_163/1680228129503tvKgX_PNG/81364028205907694_729262478.png?type=f200,https://shopping.naver.com/outlink/itemdetail/7024625249,20W
12,12,헌터 오리지널 플레이 숏 앵클 여성 여름 장화 레인부츠 부츠,97800 ,https://shop-phinf.pstatic.net/20230303_193/1677810022118GtjKh_JPEG/78945910827146463_1339048713.jpg?type=f200,https://smartstore.naver.com/inflow/outlink/product?p=5531880953&tr=bbrks&trx=,20W
13,13,침착한 반팔티,32800 ,https://shop-phinf.pstatic.net/20230510_151/1683691536721lTg7y_JPEG/17718858576773005_2135063207.jpg?type=f200,https://smartstore.naver.com/inflow/outlink/product?p=8519226584&tr=bbrks&trx=,20W
14,14,"스즈키 무소음 무브먼트14.8mm, 17mm, 20mm DIY 탁상 벽시계용 시계바늘",2700 ,https://shop-phinf.pstatic.net/20210428_139/1619605983089RVwh0_JPEG/20741871796838171_943007575.jpg?type=f200,https://smartstore.naver.com/inflow/outlink/product?p=5553738167&tr=bbrks&trx=,20W
15,15,[민주 X ELRE] PDRN 카밍 리턴 크림 환생크림 환생떡크림 갈락토미세스 연어DNA,58000 ,https://shop-phinf.pstatic.net/20220721_269/1658389605772pwPAE_JPEG/59525451322165844_1962013663.jpg?type=f200,https://smartstore.naver.com/inflow/outlink/product?p=6942507020&tr=bbrks&trx=,20W
16,16,아르채움 퀘르맥스 퀘르세틴 브로멜라인 알로에세틴 1박스,39800 ,https://shop-phinf.pstatic.net/20230503_253/1683112140420GMMWD_JPEG/5903364282531171_2051612184.jpg?type=f200,https://smartstore.naver.com/inflow/outlink/product?p=8489391775&tr=bbrks&trx=,20W
17,17,저버 듀라론 쿨매트 냉감 통풍 쿨링 침대 슈퍼싱글,68000 ,https://shop-phinf.pstatic.net/20230516_74/1684236983345uE8qW_JPEG/37604528300594690_2036656422.jpg?type=f200,https://smartstore.naver.com/inflow/outlink/product?p=8556278836&tr=bbrks&trx=,20W
18,18,초경량쿨풍기 책상용선풍기 무소음 탁상용선풍기 캠핑써큘레이터,19800 ,https://shop-phinf.pstatic.net/20230522_74/1684742292487m2mtN_PNG/9935165298049608_42430722.png?type=f200,https://smartstore.naver.com/inflow/outlink/product?p=8289308749&tr=bbrks&trx=,20W
19,19,1+1 마노힐 신생아 크림 유아 침독 개선 아기 보습 아토 크림,32000 ,https://shop-phinf.pstatic.net/20221226_207/1672023396892Wbtmo_JPEG/73159180604168417_1477426333.jpg?type=f200,https://smartstore.naver.com/inflow/outlink/product?p=8566649735&tr=bbrks&trx=,20W
20,20,린넨 펜시 라운드 가디건 셔츠 남방 (3color),35000 ,https://shop-phinf.pstatic.net/20230430_40/1682799077150cEvOX_JPEG/31330332938625173_899728921.jpg?type=f200,https://smartstore.naver.com/inflow/outlink/product?p=8477508055&tr=bbrks&trx=,20W
21,21,Cut Open Damage Training Pants 5color,55000 ,https://shop-phinf.pstatic.net/20230527_64/1685197108408sHOAP_JPEG/122796512199064_5752937.jpg?type=f200,https://smartstore.naver.com/inflow/outlink/product?p=8614418797&tr=bbrks&trx=,20W
22,22,프로테오글리칸 연어코연골추출물 정 콘드로이틴황산 프리테오글리칸,19900 ,https://shop-phinf.pstatic.net/20230527_164/16851518070613SaWm_JPEG/4416834942086131_1841776081.jpg?type=f200,https://smartstore.naver.com/inflow/outlink/product?p=8605348073&tr=bbrks&trx=,20W
23,23,여름쇼파패드 시원한 시어서커소파패드,20900 ,https://shop-phinf.pstatic.net/20230523_63/1684769642741FtcYq_JPEG/4281731724411962_1468887088.jpg?type=f200,https://smartstore.naver.com/inflow/outlink/product?p=8571057491&tr=bbrks&trx=,20W
24,24,프리미엄 아누카사과 추출물 분말 가루,21900 ,https://shop-phinf.pstatic.net/20230519_68/1684472468086OXDE3_PNG/37840013038464026_1871946471.png?type=f200,https://smartstore.naver.com/inflow/outlink/product?p=8478779065&tr=bbrks&trx=,20W
25,25,24종 60cm 구체관절인형 1/3 구관 SD 풀세트 도리스돌,39900 ,https://shop-phinf.pstatic.net/20220427_7/16510563942752tiww_JPEG/52192177599430770_1439926533.jpg?type=f200,https://smartstore.naver.com/inflow/outlink/product?p=6608210455&tr=bbrks&trx=,20W
26,26,맛있닭 닭가슴살 59종 / 소세지 스테이크 스팀 수비드 훈제 저염 냉동,1590 ,https://shop-phinf.pstatic.net/20230407_247/1680826925690RF6lh_JPEG/81962709401834538_1335034664.jpg?type=f200,https://smartstore.naver.com/inflow/outlink/product?p=521363595&tr=bbrks&trx=,20W
27,27,잇메이트 닭가슴살 66종 / 훈제 스팀 저염 소세지 스테이크 헬스,1600 ,https://shop-phinf.pstatic.net/20230428_249/16826710573594z9CJ_JPEG/491165200896508_846467828.jpg?type=f200,https://smartstore.naver.com/inflow/outlink/product?p=688526001&tr=bbrks&trx=,20W
28,28,허닭 닭가슴살 스테이크/소시지/큐브 외 46종 골라담기,1050 ,https://shop-phinf.pstatic.net/20220525_242/1653442227699CzMon_JPEG/54578061362160921_1180315090.jpg?type=f200,https://smartstore.naver.com/inflow/outlink/product?p=242758014&tr=bbrks&trx=,20W
29,29,로칼 다이어트 식단 2주 한달 단백질 양많은 냉동 도시락 현미밥 닭가슴살 찜닭,3900 ,https://shop-phinf.pstatic.net/20230503_213/1683091449760C58f5_JPEG/9731541266627855_510689470.jpg?type=f200,https://smartstore.naver.com/inflow/outlink/product?p=3961884838&tr=bbrks&trx=,20W
30,30,센트룸 포맨 포우먼 실버/남성/멀티 미네랄 코스트코 종합비타민,24820 ,https://shop-phinf.pstatic.net/20170724_264/cxtex_1500903329530YG0U1_JPEG/24210523172234206_-446290205.jpg?type=f200,https://smartstore.naver.com/inflow/outlink/product?p=2079836785&tr=bbrks&trx=,20W
31,31,[린제이] 대용량 모델링팩(1Kg 쿨 티트리)+팩도구세트,17900 ,https://shop-phinf.pstatic.net/20220406_68/1649224183528f9XrJ_JPEG/50360011354782007_257707789.jpg?type=f200,https://smartstore.naver.com/inflow/outlink/product?p=2639977042&tr=bbrks&trx=,20W
32,32,사과떡볶이 - 좋은 재료로 만든 밀떡볶이 밀키트 기본팩,6500 ,https://shop-phinf.pstatic.net/20200901_166/1598962715427R6j72_JPEG/98543231676870_876239019.JPG?type=f200,https://shopping.naver.com/outlink/itemdetail/5070453693,20W
33,33,팬시레몬 40개,22900 ,https://shop-phinf.pstatic.net/20200710_19/1594355187937kkLPi_JPEG/31717521523601024_1359755014.jpg?type=f200,https://smartstore.naver.com/inflow/outlink/product?p=326433937&tr=bbrks&trx=,20W
34,34,강아지 수제 간식 보양식 오리목뼈 100g+100g 대형견 반려견,4500 ,https://shop-phinf.pstatic.net/20221025_61/1666652794787Libcl_JPEG/67788574461363842_925780056.jpg?type=f200,https://smartstore.naver.com/inflow/outlink/product?p=4895488272&tr=bbrks&trx=,20W
35,35,요술 단추 똑딱이 매직단추 바지 허리 줄이기 늘리기 청바지 수선,190 ,https://shop-phinf.pstatic.net/20200810_158/1597042433422KfOOi_JPEG/34404766992023820_525652064.jpg?type=f200,https://smartstore.naver.com/inflow/outlink/product?p=4118707090&tr=bbrks&trx=,20W
36,36,[듀이트리] 픽앤퀵 화장발 뽑아쓰는 마스크 30매 1일1팩 피부진정 탄력 보습케어 대용량 마스크팩,11800 ,https://shop-phinf.pstatic.net/20211206_119/1638749096604yKSN6_JPEG/39884992341674525_932189922.jpg?type=f200,https://smartstore.naver.com/inflow/outlink/product?p=2542072469&tr=bbrks&trx=,20W
37,37,보버 실내 디퓨저 200ml 대용량 실내방향제 화장실 사무실 고급 집들이선물 딥포레스트,21900 ,https://shop-phinf.pstatic.net/20220211_47/1644559213921l1z2b_JPEG/45694993615604702_917964457.JPG?type=f200,https://smartstore.naver.com/inflow/outlink/product?p=3649117206&tr=bbrks&trx=,20W
38,38,꼭지없는 대추방울토마토 2.5kg,17900 ,https://shop-phinf.pstatic.net/20220722_279/1658458273323RpAXD_JPEG/59594116024480836_17132383.jpg?type=f200,https://shopping.naver.com/outlink/itemdetail/2667218521,20W
39,39,갓 볶은 당일 로스팅 커피 원두 맛있는 신선한 고소한 콩 홀빈 분쇄 가루 베트남 로브스타G1 500g 지퍼백 포장,4950 ,https://shop-phinf.pstatic.net/20230502_154/168300622828406sIb_JPEG/31537484074376394_785921644.jpg?type=f200,https://smartstore.naver.com/inflow/outlink/product?p=572706938&tr=bbrks&trx=,20W
40,40,써유모래 굵은 입자 5.9kg 3개세트 17.7kg 카사바 고양이 모래 친환경 땡스스탬프,67500 ,https://shop-phinf.pstatic.net/20220126_65/16431733684907g12a_JPEG/44309267174497637_794529777.jpg?type=f200,https://smartstore.naver.com/inflow/outlink/product?p=4797785235&tr=bbrks&trx=,20W
41,41,오나오 스콘 골라담기 비건베이커리 잇포레스트 비건빵 잇낭시에 파운드 크럼블,3200 ,https://shop-phinf.pstatic.net/20220602_83/1654168754013Mi5wm_JPEG/55304587832142450_183412379.jpg?type=f200,https://smartstore.naver.com/inflow/outlink/product?p=5260588581&tr=bbrks&trx=,20W
42,42,얼라이브랩 센텔라 드레싱 파우더 / 시카 파우더 8ml,9000 ,https://shop-phinf.pstatic.net/20210222_286/1613974444041204VG_JPEG/15110289753618518_509663047.jpg?type=f200,https://shopping.naver.com/outlink/itemdetail/1001438041,20W
43,43,큰패드 절약형 대형 50g x 160매 정직한 애견 강아지 배변패드,27900 ,https://shop-phinf.pstatic.net/20180131_296/reborn24_1517391151518jp2yK_JPEG/40698311137972563_1765353942.jpg?type=f200,https://smartstore.naver.com/inflow/outlink/product?p=2479776224&tr=bbrks&trx=,20W
44,44,코스더블유 마스크팩 마이리얼스킨 수분 시트팩 23ml 에그화이트,290 ,https://shop-phinf.pstatic.net/20230130_121/1675058052445xsoaq_JPEG/76193887243706465_1965912059.jpg?type=f200,https://smartstore.naver.com/inflow/outlink/product?p=3381999774&tr=bbrks&trx=,20W
45,45,메밀 경추베개 목디스크 일자목 거북목베개 목베개 숙면 원형,9000 ,https://shop-phinf.pstatic.net/20230407_64/168085658097940AYW_JPEG/81992423643435999_216416815.jpg?type=f200,https://smartstore.naver.com/inflow/outlink/product?p=692209057&tr=bbrks&trx=,20W
46,46,네추럴라이즈 키즈 어린이 종합 멀티 비타민 젤리 구미 영양제 꾸미 1병,12900 ,https://shop-phinf.pstatic.net/20230216_174/1676507343936HHOlg_JPEG/77643177701174549_222094374.jpg?type=f200,https://smartstore.naver.com/inflow/outlink/product?p=4911134422&tr=bbrks&trx=,20W
47,47,버박 C.E.T 강아지 고양이 치약 닭고기맛 70g 이중효소,14000 ,https://shop-phinf.pstatic.net/20230305_83/1678018362691aByvg_PNG/5321046539952868_323213114.png?type=f200,https://smartstore.naver.com/inflow/outlink/product?p=3627576385&tr=bbrks&trx=,20W
48,48,뉴트리코어 철분 프리미엄 임산부철분제 2개월분,59000 ,https://shop-phinf.pstatic.net/20230217_261/1676595357083MOcCn_JPEG/77731184897385812_1561957598.jpg?type=f200,https://smartstore.naver.com/inflow/outlink/product?p=384735054&tr=bbrks&trx=,20W
49,49,달바 워터풀 비건 마일드 선크림 50ml X2개 /최대 40% / 무기자차 논나노 순한 온 가족용 민감성 타입 추천 / 자외선 차단제,40800 ,https://shop-phinf.pstatic.net/20230105_160/1672889596857XoSCw_JPEG/74025439545929994_1975162245.jpg?type=f200,https://smartstore.naver.com/inflow/outlink/product?p=4947839170&tr=bbrks&trx=,20W
50,1,[한국애견협회 PS획득]강아지 영양제 기관지 협착증 호흡기 기침 면역력 애견 찹찹 글루칸,25900 ,https://shop-phinf.pstatic.net/20230530_172/1685417501487bUorU_JPEG/915563291402250_942423435.jpg?type=f200,https://smartstore.naver.com/inflow/outlink/product?p=8521579074&tr=bbrks&trx=,20M
51,2,야무지개 수산 알배기 꽃게 냉동 활 암 절단 꽃게 꽃개 1kg,42900 ,https://shop-phinf.pstatic.net/20230523_198/1684839637689WPISW_PNG/16776115446707391_2052498910.png?type=f200,https://smartstore.naver.com/inflow/outlink/product?p=8592939178&tr=bbrks&trx=,20M
52,3,"맘앤헬스 샤인루이보스티 (임산부 차, 루이보스티, 임산부선물 )",14700 ,https://shop-phinf.pstatic.net/20220615_35/1655277723754IjR1w_JPEG/56413503151378463_1810540456.jpg?type=f200,https://smartstore.naver.com/inflow/outlink/product?p=6563011327&tr=bbrks&trx=,20M
53,4,엘스토리몰 LED 스트링라이트 캠핑 파티라이트 야외 줄 조명 알 전구,23000 ,https://shop-phinf.pstatic.net/20230406_132/1680745241673b0R3q_JPEG/81881137390812196_793799286.jpg?type=f200,https://smartstore.naver.com/inflow/outlink/product?p=8362520189&tr=bbrks&trx=,20M
54,5,엘스토리몰 LED 감성 캠핑전구 스트링라이트 루프탑 테라스 야외 줄 조명 알전구,23000 ,https://shop-phinf.pstatic.net/20220715_139/1657849448933nXSWY_JPEG/58985276747919868_889632584.jpg?type=f200,https://smartstore.naver.com/inflow/outlink/product?p=4610468399&tr=bbrks&trx=,20M
55,6,네이처발란스 프리미엄 아누카 사과 비오틴 플러스 2개월분,24900 ,https://shop-phinf.pstatic.net/20230428_192/1682678915858mV16I_JPEG/801374767822988_1121105435.jpg?type=f200,https://smartstore.naver.com/inflow/outlink/product?p=8474361126&tr=bbrks&trx=,20M
56,7,허그본 무지 머슬핏 남자 반팔 7컬러,15000 ,https://shop-phinf.pstatic.net/20220617_252/1655457090836skusz_JPEG/56592936020652784_219928670.jpg?type=f200,https://smartstore.naver.com/inflow/outlink/product?p=4861370551&tr=bbrks&trx=,20M
57,8,A 헤비코튼 티셔츠 - 어깨넓어보이는 16수 두꺼운 짱짱한 체형보완 세미 오버핏 반팔,19900 ,https://shop-phinf.pstatic.net/20220421_131/16505353516171ww7J_JPEG/51671179435071428_2142837102.jpg?type=f200,https://smartstore.naver.com/inflow/outlink/product?p=5739235106&tr=bbrks&trx=,20M
58,9,현대엘앤씨 현대 쉬움타일 DIY 접착식 데코타일 정사각,19800 ,https://shop-phinf.pstatic.net/20210308_132/1615182672197LDaaW_JPEG/16318499996946838_1972345017.jpg?type=f200,https://smartstore.naver.com/inflow/outlink/product?p=5229494272&tr=bbrks&trx=,20M
59,10,허닭 오븐구이 닭가슴살 바 70g 2종 혼합 20팩,23900 ,https://shop-phinf.pstatic.net/20221007_230/1665101813035kVd6H_JPEG/66237701720866905_39016997.jpg?type=f200,https://smartstore.naver.com/inflow/outlink/product?p=4772508094&tr=bbrks&trx=,20M
60,11,홈파티 음식 집들이 5인14종 생일 상차림 메뉴 케이터링 출장뷔페 생신상 박스 손님,240000 ,https://shop-phinf.pstatic.net/20220701_179/1656662532612z6epk_JPEG/57798375260176975_1995526579.jpg?type=f200,https://smartstore.naver.com/inflow/outlink/product?p=5741235355&tr=bbrks&trx=,20M
61,12,질러 부드러운 육포 70g 2봉+ 갈릭바베큐70g 1봉(유통기한 : ~23.09.01부터 순차출고),13900 ,https://shop-phinf.pstatic.net/20230413_22/1681361059687Pu0nc_JPEG/8663743558245984_1293444769.jpg?type=f200,https://smartstore.naver.com/inflow/outlink/product?p=8394883477&tr=bbrks&trx=,20M
62,13,더편한 컴퓨터의자 사무용의자 사무실 공부 학생 바퀴 회의실 서울대 의자,58900 ,https://shop-phinf.pstatic.net/20230202_283/1675324468229Ircjt_JPEG/76460356934211564_611076017.jpg?type=f200,https://smartstore.naver.com/inflow/outlink/product?p=8383096262&tr=bbrks&trx=,20M
63,14,칼린 코지 라지백 H73112010 맞춤 사몰가 이너백 (Carlyn-Cozy-L),21000 ,https://shop-phinf.pstatic.net/20230512_177/1683855271439L0E0f_JPEG/1531392280944095_388925324.jpg?type=f200,https://smartstore.naver.com/inflow/outlink/product?p=8535281833&tr=bbrks&trx=,20M
64,15,[수빙수x청담수산 초특가 이벤트] 완도 산지직송 전복 1kg 12-13미,29900 ,https://shop-phinf.pstatic.net/20230522_12/1684741288712s74lV_JPEG/12078681514720634_2013167262.jpeg?type=f200,https://smartstore.naver.com/inflow/outlink/product?p=8585621390&tr=bbrks&trx=,20M
65,16,"드라이 무지 기능성 쿨론 반팔 티셔츠 (남녀공용, 흰색, 진회색, 검정)",6900 ,https://shop-phinf.pstatic.net/20180227_48/fellaz_1519712519494WDXWk_JPEG/43019679001171213_1888155541.jpg?type=f200,https://smartstore.naver.com/inflow/outlink/product?p=2545046636&tr=bbrks&trx=,20M
66,17,침대 프레임 매트리스 깔판 저상형 패밀리 받침대 미니싱글 600,24800 ,https://shop-phinf.pstatic.net/20220215_130/1644907239914c8Knw_JPEG/46043085391664797_1606646212.jpg?type=f200,https://smartstore.naver.com/inflow/outlink/product?p=2449973163&tr=bbrks&trx=,20M
67,18,귀하닭 닭가슴살 오리지널 100g,1690 ,https://shop-phinf.pstatic.net/20230511_214/1683785834277hOztP_JPEG/38183373289408206_623583888.jpg?type=f200,https://smartstore.naver.com/inflow/outlink/product?p=5208228566&tr=bbrks&trx=,20M
68,19,뉴트리코어 유기농 비오틴 1개월분,33000 ,https://shop-phinf.pstatic.net/20230217_3/1676592748153MwRzt_JPEG/3895432030926409_252890134.jpg?type=f200,https://smartstore.naver.com/inflow/outlink/product?p=2489075741&tr=bbrks&trx=,20M
69,20,국내산 홍어 삭힌 목포 흑산도홍어 애 삼합 (만화 식객 홍어편에 나온 집),28900 ,https://shop-phinf.pstatic.net/20200414_4/15867998443958jY1L_PNG/24160583007998801_205705918.png?type=f200,https://smartstore.naver.com/inflow/outlink/product?p=4891205921&tr=bbrks&trx=,20M
70,21,어셔츠 프리미엄 구김없는 스판 남자 정장 와이셔츠 2color,22800 ,https://shop-phinf.pstatic.net/20201228_52/1609124693661rwNHC_JPEG/10260582363796796_591534302.jpg?type=f200,https://smartstore.naver.com/inflow/outlink/product?p=3854759799&tr=bbrks&trx=,20M
71,22,[4+1이벤트] NFC 착즙 석류즙 [70ml] x 30포,16900 ,https://shop-phinf.pstatic.net/20230320_226/1679299353541yswEx_JPEG/SsNHP_100641_1.jpg?type=f200,https://smartstore.naver.com/inflow/outlink/product?p=4401491072&tr=bbrks&trx=,20M
72,23,한스킨 딥 클렌징오일 블랙헤드제거 AHA BHA PHA,17400 ,https://shop-phinf.pstatic.net/20221011_162/1665483122389th8Q7_PNG/66618965048214417_1319494702.png?type=f200,https://smartstore.naver.com/inflow/outlink/product?p=622205199&tr=bbrks&trx=,20M
73,24,몽글몽글 고양이 두부모래 7L X3개입 오리지널향 진공포장,14900 ,https://shop-phinf.pstatic.net/20211015_138/1634285963469YvxJ2_JPEG/35421747182296738_1176883563.jpg?type=f200,https://smartstore.naver.com/inflow/outlink/product?p=3765864869&tr=bbrks&trx=,20M
74,25,솔가 남성용 멀티비타민 미네랄 60정 2개월분 공식쇼핑몰 활력 정상적인 면역기능 도움,35900 ,https://shop-phinf.pstatic.net/20221228_63/1672205941148bsPNR_JPEG/73341783851179607_1292373122.jpg?type=f200,https://smartstore.naver.com/inflow/outlink/product?p=403823893&tr=bbrks&trx=,20M
75,26,비둘기퇴치 버드스파이크 에어컨실외기 비둘기퇴치법 새 약 망 버드가드3일반형,1000 ,https://shop-phinf.pstatic.net/20230510_142/1683700615013h7Hq3_JPEG/31637321830136678_810093487.jpg?type=f200,https://smartstore.naver.com/inflow/outlink/product?p=2168713667&tr=bbrks&trx=,20M
76,27,센카 퍼펙트휩 120g 3개 폼클렌징 센카 더블워시 TISS 클렌징오일,19500 ,https://shop-phinf.pstatic.net/20230516_82/1684203378632X2vjE_JPEG/1874863016099553_647322264.jpg?type=f200,https://smartstore.naver.com/inflow/outlink/product?p=5328615996&tr=bbrks&trx=,20M
77,28,1+1 블라세아 아르간 오일 헤어 에센스 100ml 오리지널 & 남자전용 (단백질 미용실 수분 곱슬 머리 컬크림 컬링 파마 케라틴 로션 볼륨),21500 ,https://shop-phinf.pstatic.net/20220617_217/1655448400741PnlFU_JPEG/56584298940566188_203850282.jpg?type=f200,https://smartstore.naver.com/inflow/outlink/product?p=4932902024&tr=bbrks&trx=,20M
78,29,귀뚜라미 쌍별귀뚜라미 스티로폼 핀헤드(50+50),7900 ,https://shop-phinf.pstatic.net/20190408_135/kongtaesung_15547057930198wvb2_JPEG/78012972641311899_1055768637.jpg?type=f200,https://smartstore.naver.com/inflow/outlink/product?p=4425392732&tr=bbrks&trx=,20M
79,30,헬스 소고기 호주산 우둔살 홍두깨살 부채살 설도 슬라이스 큐브 스테이크 1kg,18900 ,https://shop-phinf.pstatic.net/20220119_240/16425639318831zevN_JPEG/43699820380633175_1030211038.jpg?type=f200,https://smartstore.naver.com/inflow/outlink/product?p=4873775595&tr=bbrks&trx=,20M
80,31,에잇템 한끼통살 닭가슴살 10종 30개 골라담기 냉동 스팀 통닭가슴살,59900 ,https://shop-phinf.pstatic.net/20220907_78/16625202528487Bvyo_JPEG/63656087669245896_1161468362.jpg?type=f200,https://smartstore.naver.com/inflow/outlink/product?p=5956915379&tr=bbrks&trx=,20M
81,32,닭정육 뼈없는 순살 닭다리살 2kg,8990 ,https://shop-phinf.pstatic.net/20230413_256/1681348429151jVROR_JPEG/82484327822625917_221265748.jpg?type=f200,https://smartstore.naver.com/inflow/outlink/product?p=2148823550&tr=bbrks&trx=,20M
82,33,리빙제이 소프트 빨아쓰는 규조토 발매트 욕실 화장실 주방용 2세대 증량M,9700 ,https://shop-phinf.pstatic.net/20210615_105/1623688127916luiXj_JPEG/24823955742504590_796905151.jpg?type=f200,https://smartstore.naver.com/inflow/outlink/product?p=5041246268&tr=bbrks&trx=,20M
83,34,귀하닭 준규빌더의 닭가슴살 찜닭볶음밥 250g 5팩,14000 ,https://shop-phinf.pstatic.net/20211119_161/1637316310256AEGbc_JPEG/38452144886902604_2059079518.jpg?type=f200,https://smartstore.naver.com/inflow/outlink/product?p=5566879388&tr=bbrks&trx=,20M
84,35,햇반 큰공기 300Gx18개,29390 ,https://shop-phinf.pstatic.net/20230209_57/1675924341734sICCp_JPEG/77060240432789097_583647889.jpg?type=f200,https://smartstore.naver.com/inflow/outlink/product?p=2798879835&tr=bbrks&trx=,20M
85,36,나이키 양말 3켤레 세트 스우시 에브리데이 쿠션 크루 삭스 중목 장목,15700 ,https://shop-phinf.pstatic.net/20221120_53/16689561832022XlmF_JPEG/70092016953573513_1440578852.jpg?type=f200,https://smartstore.naver.com/inflow/outlink/product?p=4436590203&tr=bbrks&trx=,20M
86,37,사이즈오브체어 베이직 맞춤 컴퓨터 사무용 사무실 PC방 편한 책상 의자,484500 ,https://shop-phinf.pstatic.net/20210305_81/1614929954231Ks3XK_JPEG/16065849946318753_2097521118.jpg?type=f200,https://smartstore.naver.com/inflow/outlink/product?p=2355406866&tr=bbrks&trx=,20M
87,38,(1+1)한만두 매콤한 갈비만두 1kg 야식 매운만두,13900 ,https://shop-phinf.pstatic.net/20221123_50/1669200689554H0Knb_JPEG/70336588260430858_671730189.jpg?type=f200,https://smartstore.naver.com/inflow/outlink/product?p=652138960&tr=bbrks&trx=,20M
88,39,삼겹살2kg 항정살 등갈비 이베리코 오겹살 듀록 통삼겹 냉동 통오겹살,23500 ,https://shop-phinf.pstatic.net/20211227_190/16405887104578WzUU_JPEG/41724556094446615_1731118845.jpg?type=f200,https://smartstore.naver.com/inflow/outlink/product?p=6056271456&tr=bbrks&trx=,20M
89,40,샤카웨어 맥스헤비웨이트 반팔티셔츠(7.5oz),11200 ,https://shop-phinf.pstatic.net/20220617_285/16554415838954osmY_JPEG/56577426135872123_1129416630.jpg?type=f200,https://smartstore.naver.com/inflow/outlink/product?p=5188980906&tr=bbrks&trx=,20M
90,41,귀뚜라미 쌍별귀뚜라미 도마뱀먹이 스티로폼 극소,8000 ,https://shop-phinf.pstatic.net/20200410_88/15865268746617R6lD_JPEG/23887613294591703_1687903646.jpg?type=f200,https://smartstore.naver.com/inflow/outlink/product?p=4897921000&tr=bbrks&trx=,20M
91,42,폴로 랄프로렌 반팔티 남녀공용 라운드넥 브이넥 반팔티셔츠,39900 ,https://shop-phinf.pstatic.net/20210511_247/1620715464361XrYQ7_JPEG/21851299166704427_295477791.jpg?type=f200,https://smartstore.naver.com/inflow/outlink/product?p=5579543243&tr=bbrks&trx=,20M
92,43,가정용 모기퇴치기 벌레 퇴치기 포충기 업소용 캠핑용 버그킬러 4W,12900 ,https://shop-phinf.pstatic.net/20220624_235/1656060091576hBafa_JPEG/57195870935969650_1530284292.jpg?type=f200,https://smartstore.naver.com/inflow/outlink/product?p=100293966&tr=bbrks&trx=,20M
93,44,오리지널 1+1+1 무지 머슬핏 반팔 7컬러,43000 ,https://shop-phinf.pstatic.net/20230208_18/1675846959257MCocK_JPEG/76982854964299253_1934004851.jpg?type=f200,https://smartstore.naver.com/inflow/outlink/product?p=5292733762&tr=bbrks&trx=,20M
94,45,잠백이 다르닭 닭가슴살 5종,1380 ,https://shop-phinf.pstatic.net/20230221_190/1676958789249JrV6Q_PNG/78094687881223275_966907943.png?type=f200,https://smartstore.naver.com/inflow/outlink/product?p=7873457012&tr=bbrks&trx=,20M
95,46,순결한백미 쌀 5kg,18900 ,https://shop-phinf.pstatic.net/20170906_287/solgik_1504687573621DRubD_JPEG/27993538246747466_72791880.jpg?type=f200,https://smartstore.naver.com/inflow/outlink/product?p=2164086883&tr=bbrks&trx=,20M
96,47,남자구두 남자로퍼 발편한 구두 경찰단화 남성 더비슈즈,32900 ,https://shop-phinf.pstatic.net/20210117_161/1610889021576hIXOX_JPEG/12024867292688708_2017999161.jpg?type=f200,https://smartstore.naver.com/inflow/outlink/product?p=5088101481&tr=bbrks&trx=,20M
97,48,제주감귤모자 오렌지 밀짚 귤 가방 안경 삔 머리띠 페스티벌 벙거지 숲 모자,3900 ,https://shop-phinf.pstatic.net/20230202_219/1675306234864QSQGo_JPEG/76442062663423799_1918809856.jpg?type=f200,https://smartstore.naver.com/inflow/outlink/product?p=5866135966&tr=bbrks&trx=,20M
98,49,비비고 왕교자 1.05KGx3개,27490 ,https://shop-phinf.pstatic.net/20220324_288/1648105659585rUuNt_JPEG/49241487404452588_948890853.jpg?type=f200,https://smartstore.naver.com/inflow/outlink/product?p=6444215473&tr=bbrks&trx=,20M
99,1,"(단계선택)팸퍼스 에어차차 팬티형 여름기저귀 4,5,6단계 3팩",82500 ,https://shop-phinf.pstatic.net/20230405_32/16806716326999Bfvy_JPEG/81807467528389009_1715527340.jpg?type=f200,https://smartstore.naver.com/inflow/outlink/product?p=4904383364&tr=bbrks&trx=,30W
100,2,아이깨끗해 핸드워시 대용량 4.5L+ 베니 공용기 1개 / 손세정제,26400 ,https://shop-phinf.pstatic.net/20230410_276/16811043691153mbK9_JPEG/82240148840981124_689265224.jpg?type=f200,https://smartstore.naver.com/inflow/outlink/product?p=4886668461&tr=bbrks&trx=,30W
101,3,★네이버단독★[몰리멜리] 유아 여름상하복 모음 24종 택1,16900 ,https://shop-phinf.pstatic.net/20230510_143/1683701832540oEc8G_JPEG/38099371577173713_1952310796.jpg?type=f200,https://smartstore.naver.com/inflow/outlink/product?p=6049781961&tr=bbrks&trx=,30W
102,4,아기폼폼헤어밴드 곰돌이헤어밴드,3800 ,https://shop-phinf.pstatic.net/20221103_233/1667457140529mzuhd_JPEG/28418040550916001_1661932912.jpg?type=f200,https://smartstore.naver.com/inflow/outlink/product?p=5437513736&tr=bbrks&trx=,30W
103,5,브리타 막스트라 플러스 필터 3입,22900 ,https://shop-phinf.pstatic.net/20230131_57/1675155525361iiBNF_JPEG/76291360176101110_1956171262.jpg?type=f200,https://smartstore.naver.com/inflow/outlink/product?p=5776373699&tr=bbrks&trx=,30W
104,6,달바 대용량 비건 미스트 세럼 120mlX2개 / 최대 41% / 프리미엄 업그레이드 VER / 화이트 트러플 시그니처 향 아로마틱 / 고기능성 케어,49900 ,https://shop-phinf.pstatic.net/20221223_231/1671777489556YfNsU_JPEG/72913388260258234_1680048670.jpg?type=f200,https://smartstore.naver.com/inflow/outlink/product?p=5945562604&tr=bbrks&trx=,30W
105,7,라라스 베개,80000 ,https://shop-phinf.pstatic.net/20220926_197/1664192339508vHT9O_JPEG/65328119223398822_362552651.jpg?type=f200,https://smartstore.naver.com/inflow/outlink/product?p=5802926249&tr=bbrks&trx=,30W
106,8,복숭아 도넛 납작복숭아 대극천 거반도 신비복숭아 빅숭아 천도 신선 백도 말랑이 딱딱이,8900 ,https://shop-phinf.pstatic.net/20230525_194/1684987209121fmCQh_JPEG/3290640899958933_2078416269.jpg?type=f200,https://smartstore.naver.com/inflow/outlink/product?p=4976901334&tr=bbrks&trx=,30W
107,9,지후떡뻥 아기과자 아기간식 맛선택 5봉,13000 ,https://shop-phinf.pstatic.net/20200623_236/1592893680898neI4v_JPEG/30257069413472621_1397267137.jpg?type=f200,https://smartstore.naver.com/inflow/outlink/product?p=4888136222&tr=bbrks&trx=,30W
108,10,"(단계선택) 팸퍼스 2023통잠팬티 팬티형 밤기저귀 4,5,6단계 4팩",55900 ,https://shop-phinf.pstatic.net/20221013_161/1665618822191SW2ii_JPEG/66754710871623145_1990114650.jpg?type=f200,https://smartstore.naver.com/inflow/outlink/product?p=7156736325&tr=bbrks&trx=,30W
109,11,빌트인 주방 냉장고 틈새수납장 김치 냉장고장 자리 오브제 비스포크 수납장 팬트리장 틈새장,150000 ,https://shop-phinf.pstatic.net/20230428_52/1682656320073sSShD_JPEG/11374880875457374_1407336969.jpg?type=f200,https://smartstore.naver.com/inflow/outlink/product?p=6018701052&tr=bbrks&trx=,30W
110,12,일동후디스 아이얌 구워만든 순곡물바 대용량팩 50개입+50개입 (당근/치즈/바나나),27900 ,https://shop-phinf.pstatic.net/20220718_200/16581244630722hacI_JPEG/59260297907383096_310176572.jpg?type=f200,https://smartstore.naver.com/inflow/outlink/product?p=6930012486&tr=bbrks&trx=,30W
111,13,앙방 대용량 신생아 아기로션 베이비 키즈 어린이 온가족 패밀리 유아로션 외 수딩젤 샴푸,16900 ,https://shop-phinf.pstatic.net/20230528_81/1685257256518vbBGB_JPEG/172145503420807_100215840.jpg?type=f200,https://smartstore.naver.com/inflow/outlink/product?p=6222519846&tr=bbrks&trx=,30W
112,14,수제 황치즈 말차 로투스 초코칩 인절미 흑임자 디저트 쿠키전문점 선물세트 스쿱쿠키,10800 ,https://shop-phinf.pstatic.net/20210127_61/16117487418275zevL_JPEG/12884630516423002_1399333774.jpg?type=f200,https://smartstore.naver.com/inflow/outlink/product?p=5614172448&tr=bbrks&trx=,30W
113,15,해남 꿀 고구마 3kg 5kg 베니하루카 황금호박고구마,6900 ,https://shop-phinf.pstatic.net/20211025_239/1635139368473qCSOr_JPEG/36275203280262787_966310969.jpg?type=f200,https://smartstore.naver.com/inflow/outlink/product?p=4454797599&tr=bbrks&trx=,30W
114,16,GNM 조정석 건강한 간 밀크씨슬 5박스(총 5개월분) / 간건강 실리마린 비타민B,23900 ,https://shop-phinf.pstatic.net/20230516_178/1684205962587R4lHr_JPEG/2509394390255726_1015941495.jpg?type=f200,https://smartstore.naver.com/inflow/outlink/product?p=232155349&tr=bbrks&trx=,30W
115,17,큐브데이 다진 야채 과일 36종 이유식큐브 (토핑 이유식 유아식 채소 재료),2200 ,https://shop-phinf.pstatic.net/20210216_97/1613455214027vpaUq_JPEG/14591041849474874_1460451626.jpg?type=f200,https://smartstore.naver.com/inflow/outlink/product?p=3904350712&tr=bbrks&trx=,30W
116,18,세척 꿀 고구마 3kg 5kg 영암 베니하루카 황금호박고구마,23900 ,https://shop-phinf.pstatic.net/20230208_270/1675821310056lur8G_JPEG/76957152763976046_935482056.jpg?type=f200,https://shopping.naver.com/outlink/itemdetail/8040796860,30W
117,19,배마마 국내산 이유식큐브 41종 재료 다진야채 초기 중기 후기 가루 다짐 채소 아기 유아,1600 ,https://shop-phinf.pstatic.net/20230503_240/1683072373871BmwKx_JPEG/9712465394774306_1979884993.jpg?type=f200,https://smartstore.naver.com/inflow/outlink/product?p=5620892921&tr=bbrks&trx=,30W
118,20,브라운 물티슈 안전한 신생아 대용량 캡형 10팩 20팩 도톰한 두꺼운 아기물티슈 모음전,20900 ,https://shop-phinf.pstatic.net/20230523_87/1684809128685hAL3g_JPEG/7629637668231846_1253279005.jpg?type=f200,https://smartstore.naver.com/inflow/outlink/product?p=683913238&tr=bbrks&trx=,30W
119,21,[질마재농장] 유기농쌀과자 대용량 떡뻥 스틱 아이과자 12종 모음,2800 ,https://shop-phinf.pstatic.net/20200424_277/1587710057741w6Unq_JPEG/25073446258126295_1703327824.jpg?type=f200,https://smartstore.naver.com/inflow/outlink/product?p=4906356429&tr=bbrks&trx=,30W
120,22,20+20팩 하이드로 더치커피 콜드브루 원두커피 아메리카노 원액 세하도 30ml,7900 ,https://shop-phinf.pstatic.net/20230515_99/1684119266817RbSFU_JPEG/1161747262906596_525654203.jpg?type=f200,https://smartstore.naver.com/inflow/outlink/product?p=4653589659&tr=bbrks&trx=,30W
121,23,아이깨끗해 핸드워시 대용량 2.45L+공용기+리필100ml 2개 추가,17900 ,https://shop-phinf.pstatic.net/20221222_111/1671687266351HiIDb_JPEG/72823165050264948_322498636.jpg?type=f200,https://smartstore.naver.com/inflow/outlink/product?p=415740731&tr=bbrks&trx=,30W
122,24,피에이치365 프로바이오틱스 베이비 아기유산균 돌 신생 유아 아이,39000 ,https://shop-phinf.pstatic.net/20221222_65/1671697159200PwQ8I_JPEG/72833054934941466_294760753.jpg?type=f200,https://smartstore.naver.com/inflow/outlink/product?p=4762660973&tr=bbrks&trx=,30W
123,25,호호에미 무향 젖병세정제 주방세제,10900 ,https://shop-phinf.pstatic.net/20220330_74/1648617149759F4j13_JPEG/49752995454871097_2012147537.jpg?type=f200,https://smartstore.naver.com/inflow/outlink/product?p=3448725088&tr=bbrks&trx=,30W
124,26,달바 비건 더블 세럼 30ml / 최대 54% / 탄력 광채 100시간 보습 / 화이트 트러플 / 산뜻한 세럼 타입,45900 ,https://shop-phinf.pstatic.net/20221229_125/16722842612593dfVr_JPEG/73420040967734418_1694782551.jpg?type=f200,https://smartstore.naver.com/inflow/outlink/product?p=5079267403&tr=bbrks&trx=,30W
125,27,[오늘 자정까지! 5천원 중복쿠폰] NEW 하기스 맥스드라이 기저귀 메가팩 모음전(밴드형/팬티형),92900 ,https://shop-phinf.pstatic.net/20230420_231/1681957269139GODcX_JPEG/6235787958939947_1734979346.jpg?type=f200,https://smartstore.naver.com/inflow/outlink/product?p=5262963204&tr=bbrks&trx=,30W
126,28,아기 양말 유아 아동 키즈 봄 여름 신생아 메쉬 망사 커즈 미끄럼방지 발목 양말 세트,1700 ,https://shop-phinf.pstatic.net/20230326_7/1679819908959vnupS_JPEG/80955742776873430_1315585184.jpg?type=f200,https://smartstore.naver.com/inflow/outlink/product?p=4478984266&tr=bbrks&trx=,30W
127,29,애호박(개),1380 ,https://shop-phinf.pstatic.net/20230220_32/1676856646520NCP3O_JPEG/37817546540404297_1658908990.jpg?type=f200,https://shopping.naver.com/outlink/itemdetail/5899143741,30W
128,30,[국민템] 스와비넥스 모유촉감 올실리콘 쪽쪽이(투명쪽쪽이),9750 ,https://shop-phinf.pstatic.net/20220214_183/1644799573134UQUQ8_JPEG/45935400962097575_1877504117.jpg?type=f200,https://smartstore.naver.com/inflow/outlink/product?p=348892368&tr=bbrks&trx=,30W
129,31,보드라움 오가닉 사계절 여름 이불 세트 옥수수솜 먼지없는 순면 알러지케어 차렵이불,43900 ,https://shop-phinf.pstatic.net/20220913_18/1663067395582MG46t_JPEG/64203223401013564_2010780234.jpg?type=f200,https://smartstore.naver.com/inflow/outlink/product?p=3683545861&tr=bbrks&trx=,30W
130,32,별바라기 80여종 요루 거즈 이유식 아기 턱받이 침받이 사계절,2900 ,https://shop-phinf.pstatic.net/20230529_120/16853455020879xcCv_JPEG/843563858103935_261842550.jpg?type=f200,https://smartstore.naver.com/inflow/outlink/product?p=6340435723&tr=bbrks&trx=,30W
131,33,애호박(국산/1개),1790 ,https://shop-phinf.pstatic.net/20211219_299/1639862440682SX57S_JPEG/695cc345-8c6c-4173-a14e-e65fb0136cd8.jpg?type=f200,https://shopping.naver.com/outlink/itemdetail/4996117730,30W
132,34,수제망 양파 (1.8Kg내외/망),4320 ,https://shop-phinf.pstatic.net/20230421_62/1682042807167L7KjE_JPEG/43003721087492308_1864297358.jpg?type=f200,https://shopping.naver.com/outlink/itemdetail/5899493310,30W
133,35,티젠 콤부차 챌린지 레몬 30스틱X2박스(60스틱),23900 ,https://shop-phinf.pstatic.net/20230403_83/1680507872679xdbgo_JPEG/81643707503342351_163780441.jpg?type=f200,https://smartstore.naver.com/inflow/outlink/product?p=6309695292&tr=bbrks&trx=,30W
134,36,MYTOYS 통큰 디폼블럭세트 8mm 10050피스 27색상 도안집3권+망치1p+열쇠고리6p+팽이3p,28800 ,https://shop-phinf.pstatic.net/20230222_92/1677046970963npIWw_JPEG/78182798779550418_2117192336.jpg?type=f200,https://smartstore.naver.com/inflow/outlink/product?p=5565113184&tr=bbrks&trx=,30W
135,37,"블루본 아이노우 코지업 라이트 마스크 5매입 소형,중형,대형,특대형",2000 ,https://shop-phinf.pstatic.net/20230411_73/1681197959455YC8Ch_JPEG/82333794256547721_468023326.jpg?type=f200,https://smartstore.naver.com/inflow/outlink/product?p=8344391197&tr=bbrks&trx=,30W
136,38,미니오이 스낵오이 미니스탑 글로리아 2kg 백다다기오이,13900 ,https://shop-phinf.pstatic.net/20200429_178/1588092009548tJNJj_JPEG/25453552169113674_793249115.jpg?type=f200,https://shopping.naver.com/outlink/itemdetail/4927131772,30W
137,39,릿첼 초기 중기 소프트 이유식스푼 포크 자기주도 아기수저 숟가락,8000 ,https://shop-phinf.pstatic.net/20220905_102/1662363325276sVdDc_JPEG/63499159062163377_225942176.jpg?type=f200,https://smartstore.naver.com/inflow/outlink/product?p=5229517442&tr=bbrks&trx=,30W
138,40,바이오가 등드름 바디워시 베타인살리실레이트 1000ml,25500 ,https://shop-phinf.pstatic.net/20230110_162/1673315255723OLKAe_JPEG/74451144434453107_1490959153.jpg?type=f200,https://smartstore.naver.com/inflow/outlink/product?p=6910746708&tr=bbrks&trx=,30W
139,41,제이앤제나 신생아부터 허리에 무리 없는 커버분리 역류방지쿠션 - 인견,85000 ,https://shop-phinf.pstatic.net/20210505_207/1620178444617JLWeX_JPEG/21314287324209922_1449856150.jpg?type=f200,https://smartstore.naver.com/inflow/outlink/product?p=5526681968&tr=bbrks&trx=,30W
140,42,브라운 비데물티슈 화장실용 저자극 생분해 비데티슈 80매 48매 20매 캡형 10팩 모음,19900 ,https://shop-phinf.pstatic.net/20220520_293/1653017375767vilIW_JPEG/54153271500538910_1942650164.jpg?type=f200,https://smartstore.naver.com/inflow/outlink/product?p=6083749915&tr=bbrks&trx=,30W
141,43,달바 워터풀 비건 톤업 선 쿠션 15g X2개 / 최대 35% / 간편한 쿠션 타입 / 혼합자차 핑크빛 은광 / 산뜻 베이스 파데 프리 데일리 필수템 / 자외선 차단제,54600 ,https://shop-phinf.pstatic.net/20221207_20/1670420253866qBhAu_JPEG/71556096549594646_1221642166.jpg?type=f200,https://smartstore.naver.com/inflow/outlink/product?p=7498159514&tr=bbrks&trx=,30W
142,44,말랑하니 에어메쉬 아기턱받이 롤링 침받이,6900 ,https://shop-phinf.pstatic.net/20230323_177/1679546634097CPRkF_JPEG/80682413820774071_369253369.jpg?type=f200,https://smartstore.naver.com/inflow/outlink/product?p=7138431235&tr=bbrks&trx=,30W
143,45,라라스 베개 - 뱀부 매쉬 커버,40000 ,https://shop-phinf.pstatic.net/20220926_233/16641925838141i74m_JPEG/65328363500029152_1401299953.jpg?type=f200,https://smartstore.naver.com/inflow/outlink/product?p=6665113136&tr=bbrks&trx=,30W
144,46,트리니홈 1853 비스포크 오브제 빌트인 냉장고 다용도 틈새장 김치 냉장고장 부엌 팬트리장 홈카페장 키큰 주방 서랍장 홈카페수납장 장식장,299000 ,https://shop-phinf.pstatic.net/20230309_48/1678345214144oljaG_PNG/79481056807140213_1793316764.png?type=f200,https://smartstore.naver.com/inflow/outlink/product?p=6354685422&tr=bbrks&trx=,30W
145,47,수토마켓 프리미엄 하우스 고당도 수박,12900 ,https://shop-phinf.pstatic.net/20220222_37/1645487441101cyoIR_PNG/46623268683454786_914484300.png?type=f200,https://smartstore.naver.com/inflow/outlink/product?p=6711646317&tr=bbrks&trx=,30W
146,48,베이비팜 아기 실리콘 국민 과일 과즙망 S M L 세트 이유식 트위스트 수박,57800 ,https://shop-phinf.pstatic.net/20220614_202/16551835797653MYGi_JPEG/56319359458393242_1390033834.jpg?type=f200,https://smartstore.naver.com/inflow/outlink/product?p=6119076469&tr=bbrks&trx=,30W
147,49,맛있는 고추지 1kg 양념 고추무침,15500 ,https://shop-phinf.pstatic.net/20221017_198/1665983912977TMjMa_JPEG/67119755661583566_1801086471.jpg?type=f200,https://smartstore.naver.com/inflow/outlink/product?p=5443296119&tr=bbrks&trx=,30W
148,1,강아지 밥그릇 식기 물그릇 10cm [세균제로],27900 ,https://shop-phinf.pstatic.net/20230114_68/1673624586190ezb6P_JPEG/74760484849209089_599442693.jpg?type=f200,https://smartstore.naver.com/inflow/outlink/product?p=7522158869&tr=bbrks&trx=,30M
149,2,먼지없는 여름이불 세트 시어서커 인견 순면 알러지케어 여름침구세트 기숙사,29900 ,https://shop-phinf.pstatic.net/20230525_14/1685013545502wfqlV_JPEG/508040351129391_10192128.jpg?type=f200,https://smartstore.naver.com/inflow/outlink/product?p=7896891749&tr=bbrks&trx=,30M
150,3,리스펫랩 강아지 고양이 유산균 홍삼 설사 변비 면역력 프로바이오틱스 장 영양제,18900 ,https://shop-phinf.pstatic.net/20230517_140/1684302807427FXS4s_JPEG/202305021805500.jpg?type=f200,https://smartstore.naver.com/inflow/outlink/product?p=8560364207&tr=bbrks&trx=,30M
151,4,야나독 애견 아이스 넥쿨러 넥밴드 넥쿨링 튜브 목도리 얼음 목걸이 목 머플러 쿨스카프,9800 ,https://shop-phinf.pstatic.net/20230525_45/1684973870116KwAqM_JPEG/6613529113038965_1596866161.jpg?type=f200,https://smartstore.naver.com/inflow/outlink/product?p=8591281686&tr=bbrks&trx=,30M
152,5,제이엠코코 강아지밥그릇 켁켁거림 기관지협착증 개선 애견 대형견 식기,15500 ,https://shop-phinf.pstatic.net/20230530_49/1685441597157QJ7Kj_JPEG/8251307790999427_473422786.jpg?type=f200,https://smartstore.naver.com/inflow/outlink/product?p=8093356368&tr=bbrks&trx=,30M
153,6,온아이 아기우비 여아 레인코트 유아 어린이 유치원생 초등학생 비오는날 캐릭터 비옷 B31,18900 ,https://shop-phinf.pstatic.net/20211020_15/1634693030370zy0t2_JPEG/35828858103581797_753266178.jpg?type=f200,https://smartstore.naver.com/inflow/outlink/product?p=5943780349&tr=bbrks&trx=,30M
154,7,카비 고압세척기 무선 고압세차기 세차건 분사기 휴대용 충전,139000 ,https://shop-phinf.pstatic.net/20230526_253/16850691160124y5Vd_JPEG/4556006056659588_1300345344.jpg?type=f200,https://smartstore.naver.com/inflow/outlink/product?p=8555786623&tr=bbrks&trx=,30M
155,8,넥선풍기 넥풍기 목선풍기 목풍기 목에거는 목걸이 넥밴드 선풍기 실속형 air2,19800 ,https://shop-phinf.pstatic.net/20220607_200/1654566485568buE4o_PNG/55702268918027443_1343779269.png?type=f200,https://smartstore.naver.com/inflow/outlink/product?p=6655619492&tr=bbrks&trx=,30M
156,9,써큘레이터 서큘레이터 선풍기 에어 저소음 엔랩,59000 ,https://shop-phinf.pstatic.net/20230522_258/1684739135259MBRQD_JPEG/16675613016318813_1341352017.jpg?type=f200,https://smartstore.naver.com/inflow/outlink/product?p=8572352044&tr=bbrks&trx=,30M
157,10,뉴하비츠 흑마늘진액 의성 흑마늘즙 12ml x 30개입 스틱,57000 ,https://shop-phinf.pstatic.net/20210827_257/1630037987309EcuvP_JPEG/31173876016656089_495841346.jpg?type=f200,https://smartstore.naver.com/inflow/outlink/product?p=5066270488&tr=bbrks&trx=,30M
158,11,넥선풍기 목선풍기 넥풍기 넥밴드선풍기 목걸이선풍기 갓성비 Air2,19800 ,https://shop-phinf.pstatic.net/20230522_296/1684733213957ML9KR_PNG/7553722889950897_1195003649.png?type=f200,https://smartstore.naver.com/inflow/outlink/product?p=8586051527&tr=bbrks&trx=,30M
159,12,"17수 헤비 무지 반팔 티셔츠 기본 라운드 면티 (남녀공용, 흰색,회색,카키색,검정색)",6900 ,https://shop-phinf.pstatic.net/20180303_219/fellaz_1520080390235C2R41_JPEG/2711569885755406_-218101961.jpg?type=f200,https://smartstore.naver.com/inflow/outlink/product?p=2556378483&tr=bbrks&trx=,30M
160,13,D 익스트림 USA코튼 티셔츠 - 10수 어깨넓어보이는 두꺼운 세미 오버핏 반팔,19900 ,https://shop-phinf.pstatic.net/20220428_38/165112718016550bAy_JPEG/52263014996767249_713096656.jpg?type=f200,https://smartstore.naver.com/inflow/outlink/product?p=5686782821&tr=bbrks&trx=,30M
161,14,샤오미 스마트 무선선풍기2 Pro BPLDS03DM 정발 한국판 정품 6/2일 발송가능,148000 ,https://shop-phinf.pstatic.net/20220511_181/1652251825775sp3CL_JPEG/53387671442979008_968309710.jpg?type=f200,https://smartstore.naver.com/inflow/outlink/product?p=6582689767&tr=bbrks&trx=,30M
162,15,오드로이 카르노신 리프팅 세럼 로프디(예약판매),32000 ,https://shop-phinf.pstatic.net/20230214_267/1676349945415xHkGx_JPEG/77485773239431557_131643483.jpg?type=f200,https://smartstore.naver.com/inflow/outlink/product?p=8090246467&tr=bbrks&trx=,30M
163,16,바버 웰링턴 숏 레인부츠,94000 ,https://shop-phinf.pstatic.net/20210604_88/1622810474261P70RT_JPEG/23946369994795103_29849724.jpeg?type=f200,https://shopping.naver.com/outlink/itemdetail/5630337695,30M
164,17,락토핏 키즈 종근당건강 생유산균 어린이유산균 2개월 (60포),17000 ,https://shop-phinf.pstatic.net/20221204_186/1670123801302APkkE_PNG/71259697036039528_1422585576.png?type=f200,https://smartstore.naver.com/inflow/outlink/product?p=7303912330&tr=bbrks&trx=,30M
165,18,면사랑 면요리 11종 6개 골라담기 (우동 짬뽕 짜장 스파게티),18500 ,https://shop-phinf.pstatic.net/20230117_69/16739332642663xDPj_JPEG/75069092077301223_755823569.jpg?type=f200,https://smartstore.naver.com/inflow/outlink/product?p=6173691812&tr=bbrks&trx=,30M
166,19,진주햄 천하장사 치즈 720g (60gX12개입) X 2개,19900 ,https://shop-phinf.pstatic.net/20230412_41/1681289405999bXCb7_JPEG/82425301720518158_2056355967.jpg?type=f200,https://smartstore.naver.com/inflow/outlink/product?p=8391098997&tr=bbrks&trx=,30M
167,20,칼린 마이 하트 키링 5colors_J73104010,40500 ,https://shop-phinf.pstatic.net/20230526_192/1685072365757CFdCe_JPEG/3375797581520610_1354707835.jpg?type=f200,https://smartstore.naver.com/inflow/outlink/product?p=8605911329&tr=bbrks&trx=,30M
168,21,락토핏 생유산균 종근당건강 골드 코어 슬림 베베 키즈 화이버 뷰티 맘스 이브 식물성,10000 ,https://shop-phinf.pstatic.net/20230522_244/168475889494818bk9_PNG/7579403938051586_543295069.png?type=f200,https://smartstore.naver.com/inflow/outlink/product?p=8587591660&tr=bbrks&trx=,30M
169,22,알러지케어 여름이불세트퀸 국내생산 여름호텔침구 이부자리,66900 ,https://shop-phinf.pstatic.net/20230522_299/1684743158313q2CId_JPEG/10882320123291791_1117265392.jpg?type=f200,https://smartstore.naver.com/inflow/outlink/product?p=8586184115&tr=bbrks&trx=,30M
170,23,링곤베리 퓨레 글루타치온 고함량 식약처인증,26900 ,https://shop-phinf.pstatic.net/20230519_38/1684472162683mdFFc_PNG/16408640451991577_607053971.png?type=f200,https://smartstore.naver.com/inflow/outlink/product?p=8566473019&tr=bbrks&trx=,30M
171,24,온가족 엄마손맛 배추김치 10Kg,26900 ,https://shop-phinf.pstatic.net/20180521_210/ultrahorse88_15269052276309rOWo_JPEG/50211528251026186_1300927890.jpg?type=f200,https://smartstore.naver.com/inflow/outlink/product?p=2924519469&tr=bbrks&trx=,30M
172,25,훈제 닭가슴살 저염분 100g,1390 ,https://shop-phinf.pstatic.net/20220330_93/16486033863431z8lx_JPEG/49739166049225515_253514572.jpg?type=f200,https://smartstore.naver.com/inflow/outlink/product?p=754039317&tr=bbrks&trx=,30M
173,26,동그란 안경 청광 블루라이트 차단 시력보호 안경,16900 ,https://shop-phinf.pstatic.net/20161125_275/sungjh3478_1480010135085Td6Vq_JPEG/4355027601679330_258974705.jpg?type=f200,https://smartstore.naver.com/inflow/outlink/product?p=559925425&tr=bbrks&trx=,30M
174,27,미트리 스팀 닭가슴살 100g 외 36종 / 스테이크 큐브 저염 슬라이스 볼,2000 ,https://shop-phinf.pstatic.net/20230419_172/1681881632246DXtIl_JPEG/31365239420633438_1154081828.jpg?type=f200,https://smartstore.naver.com/inflow/outlink/product?p=3673307181&tr=bbrks&trx=,30M
175,28,액자레일 와이어 액자걸이 천정고리,1500 ,https://shop-phinf.pstatic.net/20190418_151/sjbnara_1555574556452HkjkM_JPEG/38293415295813109_114102867.jpg?type=f200,https://smartstore.naver.com/inflow/outlink/product?p=449958113&tr=bbrks&trx=,30M
176,29,비비딕 벌레퇴치기 바퀴벌레 개미 쥐 해충 좀벌레 초음파 퇴치기 모기 일반형,39800 ,https://shop-phinf.pstatic.net/20220426_132/1650948484442LXc7M_JPEG/52084319267570214_2034510634.jpg?type=f200,https://smartstore.naver.com/inflow/outlink/product?p=3777194716&tr=bbrks&trx=,30M
177,30,트리플에이 반팔티 무지 티셔츠 1301,5200 ,https://shop-phinf.pstatic.net/20230526_32/1685080012871PimPY_JPEG/574507702728689_1681032089.jpg?type=f200,https://smartstore.naver.com/inflow/outlink/product?p=684863400&tr=bbrks&trx=,30M
178,31,해남 세척 꿀 고구마 베니하루카 3kg 5kg 10kg,7900 ,https://shop-phinf.pstatic.net/20211201_178/1638320263500R5z9a_JPEG/39456105729768648_1215998993.jpg?type=f200,https://smartstore.naver.com/inflow/outlink/product?p=5256868036&tr=bbrks&trx=,30M
179,32,[밀키트] 문현 전통한우 곱창전골 프리미엄 2-3인분,23540 ,https://shop-phinf.pstatic.net/20191202_187/1575247692085x0YIy_JPEG/12611080624785363_2089297241.jpg?type=f200,https://smartstore.naver.com/inflow/outlink/product?p=3955378450&tr=bbrks&trx=,30M
180,33,솔가 엽산 400 100정 100일분 공식쇼핑몰 임신준비 엽산추천 남성섭취가능,15600 ,https://shop-phinf.pstatic.net/20221209_254/1670547680231FKWvA_JPEG/71683525941498131_1566273087.jpg?type=f200,https://smartstore.naver.com/inflow/outlink/product?p=133790829&tr=bbrks&trx=,30M
181,34,나이키 양말 스우시 에브리데이 쿠션 크루 삭스 긴 장목 중목 단목,3500 ,https://shop-phinf.pstatic.net/20210829_202/1630247037924sms0y_JPEG/31382871640769018_1621773865.jpg?type=f200,https://smartstore.naver.com/inflow/outlink/product?p=4258818726&tr=bbrks&trx=,30M
182,35,퍼스퍼 내추럴 바른 자세교정 메쉬 편한 컴퓨터의자 사무용 사무실의자 학생 공부 책상의자,34700 ,https://shop-phinf.pstatic.net/20210806_164/1628247231123t6OT7_JPEG/29383129834432857_1268624992.jpg?type=f200,https://smartstore.naver.com/inflow/outlink/product?p=2012408951&tr=bbrks&trx=,30M
183,36,[이겼소] 평점4.9 한우/국내산 육회 육사시미 뭉티기 300g200g 냉장 마장동 소고기,9900 ,https://shop-phinf.pstatic.net/20221020_133/1666262336346sheF0_PNG/67398170103817360_596263963.png?type=f200,https://smartstore.naver.com/inflow/outlink/product?p=4548065461&tr=bbrks&trx=,30M
184,37,뉴트리코어 NCS 초임계 루테인 아스타잔틴 영양제 헤마토쿠스 눈건강 300mg,32000 ,https://shop-phinf.pstatic.net/20230116_289/1673832406717uGWFe_JPEG/74968249393886890_2095569807.jpg?type=f200,https://smartstore.naver.com/inflow/outlink/product?p=4737740781&tr=bbrks&trx=,30M
185,38,[일반주문 / 빠른출고] 노시부 프로 전동식 의료용 아기 콧물흡입기,268000 ,https://shop-phinf.pstatic.net/20220708_7/1657262171417v0pMj_JPEG/58398060129696988_283490738.jpg?type=f200,https://smartstore.naver.com/inflow/outlink/product?p=5721758820&tr=bbrks&trx=,30M
186,39,훈훈 깐새우장 간장/양념 300g 1kg,7900 ,https://shop-phinf.pstatic.net/20220113_61/1642058711912YxeKe_JPEG/43194607376277380_2026466436.jpg?type=f200,https://smartstore.naver.com/inflow/outlink/product?p=3445648186&tr=bbrks&trx=,30M
187,40,로얄캐닌 고양이사료 인도어 4kg,56800 ,https://shop-phinf.pstatic.net/20221109_254/16679694399384NAFz_JPEG/69105223625811264_144594976.jpg?type=f200,https://smartstore.naver.com/inflow/outlink/product?p=4821836213&tr=bbrks&trx=,30M
188,41,잠백이 흑마늘즙 진액 70ml 30개입,66000 ,https://shop-phinf.pstatic.net/20230404_246/1680600977536T3HNc_PNG/81736761224577716_1980302078.png?type=f200,https://smartstore.naver.com/inflow/outlink/product?p=2287640733&tr=bbrks&trx=,30M
189,42,닭가슴살 냉동 스팀 그릴맛 100g 1팩,1380 ,https://shop-phinf.pstatic.net/20200721_60/1595310512133uKa9g_JPEG/32672845475459728_580755532.jpg?type=f200,https://smartstore.naver.com/inflow/outlink/product?p=5002252323&tr=bbrks&trx=,30M
190,43,북촌 손질먹태 (머리 먹태채 껍질) 1마리,3900 ,https://shop-phinf.pstatic.net/20170515_68/jjangsh706_1494837175079xAg8a_JPEG/19183476830568546_770656395.jpg?type=f200,https://smartstore.naver.com/inflow/outlink/product?p=757163981&tr=bbrks&trx=,30M
191,44,멀티비타민 오쏘몰 이뮨 30일분 1박스(30일분),129000 ,https://shop-phinf.pstatic.net/20220722_95/16584724601199uL9F_JPEG/59608348808598516_1675940254.jpg?type=f200,https://smartstore.naver.com/inflow/outlink/product?p=5684175077&tr=bbrks&trx=,30M
192,45,스포츠양말 두꺼운양말 단목 중목 운동 런닝 헬스,1390 ,https://shop-phinf.pstatic.net/20191212_200/1576078341596xFKTV_JPEG/13439080226675283_937348365.jpg?type=f200,https://smartstore.naver.com/inflow/outlink/product?p=2195604956&tr=bbrks&trx=,30M
193,46,청미정 흑곡 지성샴푸,33000 ,https://shop-phinf.pstatic.net/20220411_101/1649672395624auKpJ_JPEG/50808291361220235_1261439899.jpg?type=f200,https://smartstore.naver.com/inflow/outlink/product?p=2832990659&tr=bbrks&trx=,30M
194,47,"리뉴얼 앱솔루트 명작 2FL 분유 2단계, 800g 3개(6~12개월)",53500 ,https://shop-phinf.pstatic.net/20230322_1/1679461181202q5eJp_JPEG/80597079884922813_1881377801.jpg?type=f200,https://smartstore.naver.com/inflow/outlink/product?p=5947218439&tr=bbrks&trx=,30M
195,48,미엘 물티슈 클래식 캡형 100매 10팩 평량 50g 신생아 유아용 저자극 대용량,10900 ,https://shop-phinf.pstatic.net/20220809_144/1660018886244JXEW7_PNG/61154774894175057_2079485720.png?type=f200,https://smartstore.naver.com/inflow/outlink/product?p=3232077166&tr=bbrks&trx=,30M
196,49,올프리 두꺼운 도톰한 물티슈65 안전한 대용량 캡형 80매(10팩),28800 ,https://shop-phinf.pstatic.net/20210818_249/1629267919480FPgvm_JPEG/30403818190652449_508781539.jpg?type=f200,https://smartstore.naver.com/inflow/outlink/product?p=4221713259&tr=bbrks&trx=,30M
197,50,"텐터 무지 레이어드 반팔 티셔츠 흰티 면티 (빅사이즈, 남녀공용)",10900 ,https://shop-phinf.pstatic.net/20191216_122/1576500581260NByNW_JPEG/13862914818054153_367223989.jpg?type=f200,https://smartstore.naver.com/inflow/outlink/product?p=4762649850&tr=bbrks&trx=,30M
198,1,셀리맥스 프레시 클렌징 오일 150ml / 블랙헤드 제거 호호바 오일,10000 ,https://shop-phinf.pstatic.net/20220110_95/16417791161984wydx_JPEG/42914950008662670_280660776.jpg?type=f200,https://smartstore.naver.com/inflow/outlink/product?p=2335669680&tr=bbrks&trx=,40W
199,2,SSG 딥 클렌징 샤베트 크림 100ml /저자극 클렌저 올인원 피부 모공 케어,24000 ,https://shop-phinf.pstatic.net/20221004_182/1664843113906ANqv8_JPEG/65978956616821185_407536879.jpg?type=f200,https://smartstore.naver.com/inflow/outlink/product?p=8619269287&tr=bbrks&trx=,40W
200,3,정다운김치 전라도 국내산 수제 가정식 열무김치 1kg+1kg,14800 ,https://shop-phinf.pstatic.net/20221219_110/1671444103853bcBgO_PNG/72579938627939579_329975829.png?type=f200,https://smartstore.naver.com/inflow/outlink/product?p=6652543650&tr=bbrks&trx=,40W
201,4,박영복 콩국수 떡드림 박영복 콩국수 2인분 콩국수 고소한 콩국수 콩국수면 국수 콩국물 면,3000 ,https://shop-phinf.pstatic.net/20220722_293/1658475395561CjCR6_JPEG/59611230396440081_1750381347.jpg?type=f200,https://smartstore.naver.com/inflow/outlink/product?p=6919138342&tr=bbrks&trx=,40W
202,5,[주왕산가든] 명품 한돈 수제 돼지갈비 800g 4인분 양념돼지갈비 밀키트 800g + 800g (총 1600g),27900 ,https://shop-phinf.pstatic.net/20230426_248/1682505114803XAoQm_JPEG/188335652583089_1991688131.jpg?type=f200,https://smartstore.naver.com/inflow/outlink/product?p=7182627749&tr=bbrks&trx=,40W
203,6,저온압착 100% 통참깨 참기름 180ml+180ml,11380 ,https://shop-phinf.pstatic.net/20230501_93/1682901128038UV1I9_JPEG/31432383840876725_969271084.jpg?type=f200,https://smartstore.naver.com/inflow/outlink/product?p=7851205144&tr=bbrks&trx=,40W
204,7,포카칩 로아커 웨하스 나쵸 과자 스낵 골라담기,12900 ,https://shop-phinf.pstatic.net/20230519_41/1684500612967wojWV_JPEG/7321121954076393_2129270209.jpg?type=f200,https://smartstore.naver.com/inflow/outlink/product?p=8559991660&tr=bbrks&trx=,40W
205,8,이즈칸 고양이사료 샘플키트 기호성 알러지 테스트,2000 ,https://shop-phinf.pstatic.net/20230314_7/1678777384600mKrAx_JPEG/79913280333450982_2028938975.jpg?type=f200,https://smartstore.naver.com/inflow/outlink/product?p=7947924714&tr=bbrks&trx=,40W
206,9,[100원] 이즈칸 고양이사료 샘플 기호성 알러지 테스트,100 ,https://shop-phinf.pstatic.net/20230524_127/1684912203077VWGVp_JPEG/7732712053233689_337137466.jpg?type=f200,https://smartstore.naver.com/inflow/outlink/product?p=8240746259&tr=bbrks&trx=,40W
207,10,[100원] 이즈칸 강아지사료 샘플 기호성 알러지 테스트,100 ,https://shop-phinf.pstatic.net/20230524_105/1684912233269fTRMk_JPEG/11051395084916304_1393382853.jpg?type=f200,https://smartstore.naver.com/inflow/outlink/product?p=8240726362&tr=bbrks&trx=,40W
208,11,[100원] 웰츠 강아지사료 샘플 기호성 알러지 테스트,100 ,https://shop-phinf.pstatic.net/20230228_215/1677560608861QtAyy_JPEG/78696442680545198_653435943.jpg?type=f200,https://smartstore.naver.com/inflow/outlink/product?p=8161796868&tr=bbrks&trx=,40W
209,12,가야닭갈비 숯불 춘천닭갈비 캠핑음식,13900 ,https://shop-phinf.pstatic.net/20221223_248/1671721298382v9Srz_JPEG/72857126202726672_107763965.jpg?type=f200,https://smartstore.naver.com/inflow/outlink/product?p=4397415098&tr=bbrks&trx=,40W
210,13,6월 초 입고 예정 / 달바 에어 핏 비건 선 스틱 19gX2개 / 최대 40% / 산뜻 간편한 스틱 타입 / 끈적임 없는 보송한 / 자외선 차단제,42900 ,https://shop-phinf.pstatic.net/20220824_257/1661337038958UiQTx_JPEG/62472822655265273_375572653.jpg?type=f200,https://smartstore.naver.com/inflow/outlink/product?p=6576402080&tr=bbrks&trx=,40W
211,14,옛날교복대여 전국빠르게! 졸업사진컨셉,7000 ,https://shop-phinf.pstatic.net/20220401_216/1648789634767zkTjJ_JPEG/49925468422113672_1393414494.jpg?type=f200,https://smartstore.naver.com/inflow/outlink/product?p=3075531944&tr=bbrks&trx=,40W
212,15,[100원] 웰츠 고양이사료 샘플 기호성 알러지 테스트,100 ,https://shop-phinf.pstatic.net/20230228_142/1677561548545TlttX_JPEG/78697382365627822_1067846355.jpg?type=f200,https://smartstore.naver.com/inflow/outlink/product?p=8161859371&tr=bbrks&trx=,40W
213,16,이즈칸 강아지사료 샘플키트 기호성 알러지 테스트,2000 ,https://shop-phinf.pstatic.net/20230314_7/1678777384600mKrAx_JPEG/79913280333450982_2028938975.jpg?type=f200,https://smartstore.naver.com/inflow/outlink/product?p=7947933036&tr=bbrks&trx=,40W
214,17,아동 아쿠아슈즈 키즈 스킨 슈즈 유아 샌들 어린이 주니어 여아 남아 초등 워터 여름 아기,14900 ,https://shop-phinf.pstatic.net/20230414_148/1681431044827rrBoa_JPEG/331138825336485_1761434930.jpg?type=f200,https://smartstore.naver.com/inflow/outlink/product?p=8358395601&tr=bbrks&trx=,40W
215,18,닥터바이오 성인 유아 온가족로션 보습 바디 신생아 베이비 어린이 아기로션 수딩젤 초등학생무료교환반품N도착보장,19400 ,https://shop-phinf.pstatic.net/20220530_82/1653871852061Ue2qJ_JPEG/55007679862611020_2109412194.jpg?type=f200,https://smartstore.naver.com/inflow/outlink/product?p=4072544295&tr=bbrks&trx=,40W
216,19,절대 안벗겨지는 여자 남자 10켤레 앞코보강 NO빵구 페이크삭스 빅사이즈 덧신 세트,14900 ,https://shop-phinf.pstatic.net/20220411_294/164964137550903iJz_JPEG/50777274175568373_1599409827.jpg?type=f200,https://smartstore.naver.com/inflow/outlink/product?p=5497421254&tr=bbrks&trx=,40W
217,20,국내산 농산물 100% 전라도 배추 김치 2kg 포기 김장김치 주문,15900 ,https://shop-phinf.pstatic.net/20210601_284/16225233763998rdQl_JPEG/23659155967454734_659011644.jpg?type=f200,https://smartstore.naver.com/inflow/outlink/product?p=5621379110&tr=bbrks&trx=,40W
218,21,청주 은영이떡볶이 2인분 말랑쫀득 생밀떡 떡볶이 순한맛,7000 ,https://shop-phinf.pstatic.net/20210330_132/1617083472828ccsYb_PNG/18219368532776522_1392656084.png?type=f200,https://shopping.naver.com/outlink/itemdetail/5552938334,40W
219,22,셀리맥스 지우개 폼 클렌징 150ml / 모공 딥 청소,9000 ,https://shop-phinf.pstatic.net/20220218_284/1645146588148s3IRP_JPEG/46282433867626213_762474871.jpg?type=f200,https://shopping.naver.com/outlink/itemdetail/4222256656,40W
220,23,대건명가 부산 돼지국밥 밀키트 엄마가보낸국밥,6500 ,https://shop-phinf.pstatic.net/20220509_145/16520600499388tx9o_JPEG/53195877468674890_1815448085.jpg?type=f200,https://smartstore.naver.com/inflow/outlink/product?p=8078283599&tr=bbrks&trx=,40W
221,24,가시없는 고등어 화덕에 구운 가시제로 고등어 구이,34900 ,https://shop-phinf.pstatic.net/20230403_245/1680509032020QacJz_PNG/81644815719660168_2088402867.png?type=f200,https://smartstore.naver.com/inflow/outlink/product?p=8340455238&tr=bbrks&trx=,40W
222,25,[제너럴아이디어 WOMAN] GNRL 피케 세일러 반팔 티셔츠 [2COL] / WBC2L01522,43000 ,https://shop-phinf.pstatic.net/20230519_246/1684471555338aQpRF_JPEG/7292064327465204_1701442150.jpg?type=f200,https://shopping.naver.com/outlink/itemdetail/8516810908,40W
223,26,달바 워터풀 에센스 선크림 50ml X2개 / 최대 40% / 끈적임 없이 촉촉한 수분 은광 보습 / 워터풀 메이크업 프라이머 / 자외선 차단제,40800 ,https://shop-phinf.pstatic.net/20230105_134/1672888928916Ppmcy_JPEG/74024771602738310_571263399.jpg?type=f200,https://smartstore.naver.com/inflow/outlink/product?p=2702908734&tr=bbrks&trx=,40W
224,27,[2022년산] 밥이 다르다 안동농협 백진주쌀 10kg 당일도정,42000 ,https://shop-phinf.pstatic.net/20230502_281/16830162463240OVrX_JPEG/11555964965922106_1591004237.jpg?type=f200,https://smartstore.naver.com/inflow/outlink/product?p=2022799404&tr=bbrks&trx=,40W
225,28,가시제거연구소 고등어밥상 800g 가시없는 순살 고등어구이 에어프라이어,13700 ,https://shop-phinf.pstatic.net/20210205_246/1612499936730exV4r_JPEG/13635782380545719_472971416.jpg?type=f200,https://smartstore.naver.com/inflow/outlink/product?p=685814619&tr=bbrks&trx=,40W
226,29,사과 청송사과 껍질째먹는 꿀 부사 못난이 흠집 5kg,39900 ,https://shop-phinf.pstatic.net/20230325_172/1679704392888sYpon_JPEG/80840281590155802_1897962283.jpg?type=f200,https://smartstore.naver.com/inflow/outlink/product?p=5268175998&tr=bbrks&trx=,40W
227,30,고려은단 메가도스C 3000 영국산 비타민C 100포 X 2개,49900 ,https://shop-phinf.pstatic.net/20230405_132/1680680235608TPgRk_JPEG/81816019324594972_1006964855.jpg?type=f200,https://smartstore.naver.com/inflow/outlink/product?p=5866524379&tr=bbrks&trx=,40W
228,31,[노브랜드] 크라비 맛살 150g,1880 ,https://shop-phinf.pstatic.net/20220719_37/16581931674440csNW_JPEG/65657799405955011_1967442922.jpg?type=f200,https://shopping.naver.com/outlink/itemdetail/5899005692,40W
229,32,관절엔 콘드로이친1200 5개월분 (5박스 x 60정) 본사 공식스토어 지성,285000 ,https://shop-phinf.pstatic.net/20221117_10/1668655469141d4nFF_JPEG/69791311810098159_636373549.jpg?type=f200,https://smartstore.naver.com/inflow/outlink/product?p=6576886971&tr=bbrks&trx=,40W
230,33,달바 워터풀 프레쉬 선 쿠션 25g X2개 / 최대 44% / 빅사이즈 대왕 쿠션 / 쿨링 촉촉한 은광 타입 / 워터풀 라인 / 자외선 차단제,46900 ,https://shop-phinf.pstatic.net/20221027_235/1666836495741n2deN_JPEG/67972391478071364_217075451.jpg?type=f200,https://smartstore.naver.com/inflow/outlink/product?p=6576398071&tr=bbrks&trx=,40W
231,34,국산 흰다리새우 1kg 대하 새우철 왕새우,11900 ,https://shop-phinf.pstatic.net/20210813_252/1628844739210ainVo_JPEG/29980584926102733_1365977421.jpg?type=f200,https://smartstore.naver.com/inflow/outlink/product?p=5057143442&tr=bbrks&trx=,40W
232,35,완숙 찰 토마토 5kg 10kg 주스용 쥬스용 못난이,15900 ,https://shop-phinf.pstatic.net/20220101_137/1641040059708Ne17w_PNG/42175893513456798_1982325340.png?type=f200,https://smartstore.naver.com/inflow/outlink/product?p=5662367023&tr=bbrks&trx=,40W
233,36,팔도비빔면 130g4개,2980 ,https://shop-phinf.pstatic.net/20230307_2/16781510986196sCC2_JPEG/39112031533873021_906700443.jpg?type=f200,https://shopping.naver.com/outlink/itemdetail/6049261242,40W
234,37,[필리핀산] Dole 스위티오 바나나 1.3kg내외,5980 ,https://shop-phinf.pstatic.net/20221028_101/1666932409058u6tx5_JPEG/27893327977652706_1689982123.jpg?type=f200,https://shopping.naver.com/outlink/itemdetail/5894960603,40W
235,38,성주 꿀 참외 선물용 못난이,9900 ,https://shop-phinf.pstatic.net/20230206_210/1675644170455J8KDi_JPEG/76780013159502290_389945241.jpg?type=f200,https://smartstore.naver.com/inflow/outlink/product?p=4879690993&tr=bbrks&trx=,40W
236,39,장순필 한 끼 해결 간편식 가마솥 육개장 육개탕 600g 2봉+2봉,25800 ,https://shop-phinf.pstatic.net/20221101_213/1667264093033FROwi_JPEG/68399991688698809_2073548521.jpg?type=f200,https://smartstore.naver.com/inflow/outlink/product?p=6012901469&tr=bbrks&trx=,40W
237,40,시디즈 아이블 서울대의자 (화이트),184000 ,https://shop-phinf.pstatic.net/20230118_86/1673998259534yV7Bf_JPEG/202212281421461.jpg?type=f200,https://smartstore.naver.com/inflow/outlink/product?p=5361883475&tr=bbrks&trx=,40W
238,41,1+1 AHC 내추럴 퍼펙션 더블쉴드 선스틱 (워터프루프 스틱썬크림) 14+14g 2개,15900 ,https://shop-phinf.pstatic.net/20220707_70/16571804145853Cq6h_PNG/58316194296217942_210456018.png?type=f200,https://smartstore.naver.com/inflow/outlink/product?p=6400544609&tr=bbrks&trx=,40W
239,42,도토리 의자발커버 식탁 다리커버 의자양말 신발 캡 체어슈즈 소음방지,2400 ,https://shop-phinf.pstatic.net/20230318_154/1679123634320hwG5L_JPEG/6426318187710676_1015472185.jpg?type=f200,https://smartstore.naver.com/inflow/outlink/product?p=6882579462&tr=bbrks&trx=,40W
240,43,통영 제철 비단 홍 가리비 1kg 선별 세척,5400 ,https://shop-phinf.pstatic.net/20230428_185/1682673732902uhA3Y_JPEG/3830948489653072_802140964.jpg?type=f200,https://smartstore.naver.com/inflow/outlink/product?p=5056580998&tr=bbrks&trx=,40W
241,44,호랭이 떡볶이 밀키트 밀떡 기본맛 530g,6900 ,https://shop-phinf.pstatic.net/20230516_186/1684214911790EJtLG_JPEG/2344599600305817_1896707479.jpg?type=f200,https://smartstore.naver.com/inflow/outlink/product?p=7777976981&tr=bbrks&trx=,40W
242,45,[뉴질랜드산] 제스프리 썬골드키위 1.1kg내외/팩,19980 ,https://shop-phinf.pstatic.net/20221109_72/1667954206299uuFyc_JPEG/28915120224789012_339039770.jpg?type=f200,https://shopping.naver.com/outlink/itemdetail/5899239013,40W
243,46,쌀가루로 더 고소 쫄깃한  소금빵 시오빵 버터빵 10입,23000 ,https://shop-phinf.pstatic.net/20220729_103/1659085188850aLxzb_JPEG/60221022668116998_2115189485.jpg?type=f200,https://smartstore.naver.com/inflow/outlink/product?p=6910855490&tr=bbrks&trx=,40W
244,47,[강강술래] 돼지양념구이 700g (냉동),20000 ,https://shop-phinf.pstatic.net/20210607_145/1623027474819Cbrr4_JPEG/8809418460404_M.jpg?type=f200,https://shopping.naver.com/outlink/itemdetail/5634161378,40W
245,48,[옥보레] 천연 미용 여드름 옥비누,15000 ,https://shop-phinf.pstatic.net/20230310_278/167843044933838TTn_JPEG/79566338010526479_1441409333.jpg?type=f200,https://smartstore.naver.com/inflow/outlink/product?p=5409839684&tr=bbrks&trx=,40W
246,49,"대파, 1단",1990 ,https://shop-phinf.pstatic.net/20200812_53/1597206105964shGan_JPEG/7011132481_0_600_20200507150758.jpg?type=f200,https://shopping.naver.com/outlink/itemdetail/5060130761,40W
247,1,스팸 클래식 200G 5개+5개 (총 10개),24900 ,https://shop-phinf.pstatic.net/20220324_262/16481053132749Yxtn_JPEG/49241141096602674_1047746313.jpg?type=f200,https://smartstore.naver.com/inflow/outlink/product?p=6420396285&tr=bbrks&trx=,40M
248,2,절대 안벗겨지는 남자 10켤레 발등 덮는 NO빵구 페이크삭스 빅사이즈 덧신 세트,14900 ,https://shop-phinf.pstatic.net/20220715_94/1657848840224Bd96V_JPEG/58984685938468234_1087147817.jpg?type=f200,https://smartstore.naver.com/inflow/outlink/product?p=5471896325&tr=bbrks&trx=,40M
249,3,방문손잡이 문손잡이 교체 욕실 손잡이 레버 문고리 도어 화장실 욕실 스텐 화이트 골드,5500 ,https://shop-phinf.pstatic.net/20220914_54/1663116491616GHQ6P_JPEG/64252326410459730_2094650984.jpg?type=f200,https://smartstore.naver.com/inflow/outlink/product?p=343993659&tr=bbrks&trx=,40M
250,4,[종가집] 행복이온 포기김치 10kg +증정 맛김치 400g,51800 ,https://shop-phinf.pstatic.net/20230503_156/1683091379521n5Q16_PNG/14438032787000181_1221024391.png?type=f200,https://smartstore.naver.com/inflow/outlink/product?p=354231605&tr=bbrks&trx=,40M
251,5,햇반 210Gx36개,34500 ,https://shop-phinf.pstatic.net/20230209_286/1675924239460llAzr_JPEG/77060138162270708_1601348008.jpg?type=f200,https://smartstore.naver.com/inflow/outlink/product?p=6042668419&tr=bbrks&trx=,40M
252,6,"[노브랜드][냉동] 삼겹살 바로구이 (1,000g)",12980 ,https://shop-phinf.pstatic.net/20220412_148/1649728371108u2tCQ_JPEG/57193067214967058_81405118.jpg?type=f200,https://shopping.naver.com/outlink/itemdetail/6484175838,40M
253,7,하림 용가리치킨 300g 2봉+2봉 (6/1부터 순차출고),15900 ,https://shop-phinf.pstatic.net/20230526_242/16850886675588kM7a_PNG/32145620350158379_2080013284.png?type=f200,https://smartstore.naver.com/inflow/outlink/product?p=6443987691&tr=bbrks&trx=,40M
254,8,[닥터지] 1+1/약산성 레드 블레미쉬 클리어 수딩 폼 150ml,20100 ,https://shop-phinf.pstatic.net/20230519_34/1684467146782q8lkM_JPEG/37834691781421938_124058071.jpg?type=f200,https://shopping.naver.com/outlink/itemdetail/5362261062,40M
255,9,멀티비타민 오쏘몰 이뮨 30일분 3박스(90일분),387000 ,https://shop-phinf.pstatic.net/20220722_19/1658472544745L2bR2_JPEG/59608433449619855_1805089080.jpg?type=f200,https://smartstore.naver.com/inflow/outlink/product?p=5684179273&tr=bbrks&trx=,40M
256,10,액자레일+액자걸이 세트기획전 와이어액자걸이,6000 ,https://shop-phinf.pstatic.net/20190712_253/cmstore_1562896991743ljtkh_JPEG/259325349469354_634200780.JPG?type=f200,https://smartstore.naver.com/inflow/outlink/product?p=2608464514&tr=bbrks&trx=,40M
257,11,USDA 초이스 살치살(미국산) 100G/소고기,4900 ,https://shop-phinf.pstatic.net/20220224_184/1645644438240MdMGc_JPEG/21e1eba9-1ecf-4c81-a37d-b7d722e9cd0f.jpg?type=f200,https://shopping.naver.com/outlink/itemdetail/4995078536,40M
258,12,30년 전통 국내산 전라도식 파김치 500g+500g,9900 ,https://shop-phinf.pstatic.net/20230522_71/1684722465827DrNT3_JPEG/12059858572739688_1661350731.jpg?type=f200,https://smartstore.naver.com/inflow/outlink/product?p=6276968250&tr=bbrks&trx=,40M
259,13,셀렉스 썬화이버 프리바이오틱스 [250g x 6캔] (120일분),123000 ,https://shop-phinf.pstatic.net/20220809_13/1660030944781QCWpn_JPEG/61166840508093076_1781291402.jpg?type=f200,https://smartstore.naver.com/inflow/outlink/product?p=7746732101&tr=bbrks&trx=,40M
260,14,울티모 운동모자 볼캡 야구 테니스 러닝 헬스,23900 ,https://shop-phinf.pstatic.net/20220526_55/1653539337864Vonv1_JPEG/54675183556165678_2125028808.jpg?type=f200,https://smartstore.naver.com/inflow/outlink/product?p=6720957451&tr=bbrks&trx=,40M
261,15,슈퍼벳 노령견 습식 사료 강아지 리퀴드잇,7000 ,https://shop-phinf.pstatic.net/20230323_165/1679546711631aI6FE_JPEG/80682545418409863_615551607.jpg?type=f200,https://smartstore.naver.com/inflow/outlink/product?p=6040027650&tr=bbrks&trx=,40M
262,16,함몰유두교정기 임산부 젖몸살 모유수유 편평 유두함몰 흡입기,33700 ,https://shop-phinf.pstatic.net/20230512_155/1683857971265z6xQm_PNG/38255510292515341_1716992727.png?type=f200,https://smartstore.naver.com/inflow/outlink/product?p=8591117418&tr=bbrks&trx=,40M
263,17,더리얼 캐나다 알티지 오메가3 맥스 1400 초임계 EPA DHA,33200 ,https://shop-phinf.pstatic.net/20230209_33/1675923466552aVHbM_JPEG/77059300355300914_261713341.jpg?type=f200,https://smartstore.naver.com/inflow/outlink/product?p=741820195&tr=bbrks&trx=,40M
264,18,칵테일새우 1kg (실중량 900g) 생 새우살 냉동 특대 깐새우 흰다리새우살,13000 ,https://shop-phinf.pstatic.net/20211208_257/1638974579774q94D1_JPEG/40110475459587719_1188260099.jpg?type=f200,https://smartstore.naver.com/inflow/outlink/product?p=3397995768&tr=bbrks&trx=,40M
265,19,사세 버팔로윙1kg 순살치킨가라아게 버팔로스틱 에어프라이어 치킨텐더 후라이드근위,8900 ,https://shop-phinf.pstatic.net/20221014_237/1665712445875NXr6d_JPEG/66848273656452293_2028810499.jpg?type=f200,https://smartstore.naver.com/inflow/outlink/product?p=140431941&tr=bbrks&trx=,40M
266,20,고려은단 멀티비타민 올인원 종합비타민 미네랄영양제 종합영양제 60정 x 1개 (2개월분),22900 ,https://shop-phinf.pstatic.net/20220518_158/1652834324007J8z9o_JPEG/53970158715760198_1694720059.jpg?type=f200,https://smartstore.naver.com/inflow/outlink/product?p=5288465421&tr=bbrks&trx=,40M
267,21,한우물 냉동 볶음밥 닭가슴살 김치 새우 코스트코 볶음밥 혼밥 덮밥소스 구운주먹밥,930 ,https://shop-phinf.pstatic.net/20220224_224/1645670566603wHYov_JPEG/46806401234143935_1572631725.jpg?type=f200,https://smartstore.naver.com/inflow/outlink/product?p=533846949&tr=bbrks&trx=,40M
268,22,"32수 무지 반팔 티셔츠 기본 라운드 면티 (남녀공용, 흰색,회색,검정색)",4500 ,https://shop-phinf.pstatic.net/20180220_289/fellaz_1519109897303aYI6x_JPEG/42416197812139701_1964595639.jpg?type=f200,https://smartstore.naver.com/inflow/outlink/product?p=2526162505&tr=bbrks&trx=,40M
269,23,봉지 신라면+불닭볶음면+스낵면+팔도비빔면,2680 ,https://shop-phinf.pstatic.net/20230501_191/1682918957948Gj9Hd_JPEG/739065758394052_988465176.jpg?type=f200,https://smartstore.naver.com/inflow/outlink/product?p=2276856047&tr=bbrks&trx=,40M
270,24,LED등 LED 방등 조명 거실등 50W 전등 교체,18900 ,https://shop-phinf.pstatic.net/20220517_255/1652771979700g5fFQ_JPEG/53907763402217042_1284188286.jpg?type=f200,https://smartstore.naver.com/inflow/outlink/product?p=2559538865&tr=bbrks&trx=,40M
271,25,탄산수제조기 소다스트림 정품 탄산실린더 1:1 교환 가스 충전 리필,24000 ,https://shop-phinf.pstatic.net/20221110_234/16680711543332czAc_JPEG/69206988149552629_570560650.jpg?type=f200,https://smartstore.naver.com/inflow/outlink/product?p=527003305&tr=bbrks&trx=,40M
272,26,품질좋은 남해안 햇 다시멸치 국물멸치 1.5kg한박스 지리 고바 고추장용 볶음멸치 잔멸치,11900 ,https://shop-phinf.pstatic.net/20221019_27/1666182398464GqNXC_JPEG/67318232259346235_2134263378.jpg?type=f200,https://smartstore.naver.com/inflow/outlink/product?p=100536816&tr=bbrks&trx=,40M
273,27,샤오미 정품 공기청정기 필터 블루 M2R-FLP (미에어 프로 2S 3H 3C 4),23900 ,https://shop-phinf.pstatic.net/20230428_194/1682659999990fMp7M_JPEG/480107839685395_461876308.jpg?type=f200,https://smartstore.naver.com/inflow/outlink/product?p=3985490529&tr=bbrks&trx=,40M
274,28,햇반 210G 24개,24000 ,https://shop-phinf.pstatic.net/20230209_241/1675924282084IMpIA_JPEG/77060180782723125_659493386.jpg?type=f200,https://smartstore.naver.com/inflow/outlink/product?p=5800543329&tr=bbrks&trx=,40M
275,29,1+1 가히 멀티밤 링클바운스 주름케어 스틱 바르는 뷰티 가희,31400 ,https://shop-phinf.pstatic.net/20210803_90/1627986132817pR4C5_JPEG/29121978530906163_1009506761.JPG?type=f200,https://smartstore.naver.com/inflow/outlink/product?p=5639548606&tr=bbrks&trx=,40M
276,30,[당일발송] 5인치 밴딩 반바지 퓨어쇼츠 웨이브테크 나일론 쇼츠 화이트워터보이즈,28500 ,https://shop-phinf.pstatic.net/20220416_287/1650040674343krgS9_JPEG/51176502169369573_2073019094.jpg?type=f200,https://smartstore.naver.com/inflow/outlink/product?p=438690696&tr=bbrks&trx=,40M
277,31,무지 헬스복 쿨론티셔츠 헬스반바지 운동복 빅사이즈,7900 ,https://shop-phinf.pstatic.net/20221103_166/1667463136467p48pj_JPEG/68598920152429868_280035841.jpg?type=f200,https://smartstore.naver.com/inflow/outlink/product?p=2371138549&tr=bbrks&trx=,40M
278,32,까먹는 구운 꽈즈 챠챠 해바라기씨 145g,1420 ,https://shop-phinf.pstatic.net/20220327_77/16483855768175rYDU_JPEG/49521475294576424_651011025.jpg?type=f200,https://smartstore.naver.com/inflow/outlink/product?p=2312826423&tr=bbrks&trx=,40M
279,33,[농심] 올리브 짜파게티 (140gx5입),4880 ,https://shop-phinf.pstatic.net/20220610_239/1654837013982AdSFr_JPEG/62301724104671498_1579920251.jpg?type=f200,https://shopping.naver.com/outlink/itemdetail/5899391477,40M
280,34,[최신형] 방문손잡이 도어 문손잡이 문고리 현관문 방화문 화장실 욕실 중문 방문도어락,5500 ,https://shop-phinf.pstatic.net/20220913_70/1663030193719io6iv_JPEG/64165977412583667_1440653313.jpg?type=f200,https://smartstore.naver.com/inflow/outlink/product?p=4045622226&tr=bbrks&trx=,40M
281,35,1+1 살림백서 오푼티아 바디워시 500ml 약산성 천연 지수81% 향기좋은 남자 여자 퍼퓸 바디클렌져 바디샴푸 베이비파우더,13900 ,https://shop-phinf.pstatic.net/20201208_120/1607411620652uzovb_JPEG/8547519157685162_1694501790.jpg?type=f200,https://smartstore.naver.com/inflow/outlink/product?p=5263931329&tr=bbrks&trx=,40M
282,36,티오피 마스터라떼 200ml x 30캔 캔커피 음료수,15900 ,https://shop-phinf.pstatic.net/20230506_186/1683353103080EMvcB_JPEG/2893566362083212_250025719.jpg?type=f200,https://smartstore.naver.com/inflow/outlink/product?p=2607728587&tr=bbrks&trx=,40M
283,37,[농심] 신라면 120gx5입,4100 ,https://shop-phinf.pstatic.net/20220610_113/1654835443272ib1ah_JPEG/62300153401829086_1257658016.jpg?type=f200,https://shopping.naver.com/outlink/itemdetail/5899392373,40M
284,38,반코르 닥터 아크네 바하 폼클렌저,14000 ,https://shop-phinf.pstatic.net/20221028_218/1666942990540duTKK_JPEG/68078825376129680_39367158.jpg?type=f200,https://smartstore.naver.com/inflow/outlink/product?p=5048344839&tr=bbrks&trx=,40M
285,39,트리플에이 반팔티 무지티 레이어드 티셔츠,5000 ,https://shop-phinf.pstatic.net/20230526_290/1685067641319zXIE7_JPEG/32124594152364428_498779198.jpg?type=f200,https://smartstore.naver.com/inflow/outlink/product?p=4874130422&tr=bbrks&trx=,40M
286,40,1+1 에이센트 디퓨저 리필 200ml 그린에어리 실속형,9900 ,https://shop-phinf.pstatic.net/20230228_288/1677574541922KIQIp_JPEG/78710369718503400_16007382.jpg?type=f200,https://smartstore.naver.com/inflow/outlink/product?p=4743549460&tr=bbrks&trx=,40M
287,41,국산 남자 발목양말 단목 여름,580 ,https://shop-phinf.pstatic.net/20200327_164/1585302451746H10Q8_JPEG/22663994369320107_1783186814.jpg?type=f200,https://smartstore.naver.com/inflow/outlink/product?p=2511017110&tr=bbrks&trx=,40M
288,42,아몬스 국산 절약형패드 소형 20g 400매 애견 강아지 배변 패드 반려견패드 비닐포장,34900 ,https://shop-phinf.pstatic.net/20210201_298/1612146030260JGCnW_JPEG/13281925786756977_2062453946.jpg?type=f200,https://smartstore.naver.com/inflow/outlink/product?p=5336852532&tr=bbrks&trx=,40M
289,43,뉴와이즈 뉴질랜드 프로폴리스 아연 항산화 면역 기능 영양제 3개월분,28800 ,https://shop-phinf.pstatic.net/20200507_113/158883869005039J74_JPEG/26199428680505255_1879355179.jpg?type=f200,https://smartstore.naver.com/inflow/outlink/product?p=4611124410&tr=bbrks&trx=,40M
290,44,윤김치 맛있는 배추김치 10kg,27900 ,https://shop-phinf.pstatic.net/20210513_70/1620890766598th9aC_JPEG/22026612295014812_940561624.jpg?type=f200,https://smartstore.naver.com/inflow/outlink/product?p=4439439798&tr=bbrks&trx=,40M
291,45,소팔 한우곱창 400g 소곱창,33000 ,https://shop-phinf.pstatic.net/20230320_257/1679276627623deWEW_JPEG/80412516324043316_900932033.jpg?type=f200,https://smartstore.naver.com/inflow/outlink/product?p=4938214965&tr=bbrks&trx=,40M
292,46,판토모나 비오틴 하이퍼포머-비오틴 판토텐산 식약처 인정 10가지 복합 기능성,59500 ,https://shop-phinf.pstatic.net/20230110_197/1673317938380WdlbB_PNG/74453834099003994_1165604578.png?type=f200,https://smartstore.naver.com/inflow/outlink/product?p=4989285456&tr=bbrks&trx=,40M
293,47,[성경김본사]전체모음전 재래 전장김 30g 10봉 (5봉X2개) - 도시락김 김자반 돌김,15900 ,https://shop-phinf.pstatic.net/20230503_276/1683092054186j2TRP_JPEG/1214513101960796_298377580.jpg?type=f200,https://smartstore.naver.com/inflow/outlink/product?p=4603627591&tr=bbrks&trx=,40M
294,48,[데스커] 신학기 책상세트 시리즈,459000 ,https://shop-phinf.pstatic.net/20200103_282/1578033358583o18Yl_JPEG/15394097214975080_596715697.jpg?type=f200,https://smartstore.naver.com/inflow/outlink/product?p=4144647046&tr=bbrks&trx=,40M
295,49,[2022년 햅쌀 출시!] 수향미 10kg/20kg 골든퀸 골드퀸 3호 밥맛좋은쌀 경기미,32900 ,https://shop-phinf.pstatic.net/20230511_44/1683802009572QrYnw_JPEG/31738716384893144_891129538.jpg?type=f200,https://smartstore.naver.com/inflow/outlink/product?p=4321046887&tr=bbrks&trx=,40M
296,1,정직한패드 소형 400매 애견 강아지 배변패드 20g 반려견패드 박스포장,27900 ,https://shop-phinf.pstatic.net/20221205_137/1670244615567o87lg_JPEG/71380461286820475_1254324094.jpg?type=f200,https://smartstore.naver.com/inflow/outlink/product?p=609511054&tr=bbrks&trx=,50W
297,2,하이브릭스 블랙라벨 고당도 오렌지,12900 ,https://shop-phinf.pstatic.net/20221205_137/1670244615567o87lg_JPEG/71380461286820475_1254324094.jpg?type=f200,https://smartstore.naver.com/inflow/outlink/product?p=609511054&tr=bbrks&trx=,50W
298,3,통밀빵 뺑페이장 1kg 치아바타 (유기농통밀 샌드위치 식빵 비건 건강 발효 식사 무설탕),18800 ,https://shop-phinf.pstatic.net/20221205_137/1670244615567o87lg_JPEG/71380461286820475_1254324094.jpg?type=f200,https://smartstore.naver.com/inflow/outlink/product?p=609511054&tr=bbrks&trx=,50W
299,4,국내산 제주 구좌 햇 흙 당근 3kg 주스용 미니 꼬마 쥬스용,8900 ,https://shop-phinf.pstatic.net/20221205_137/1670244615567o87lg_JPEG/71380461286820475_1254324094.jpg?type=f200,https://smartstore.naver.com/inflow/outlink/product?p=609511054&tr=bbrks&trx=,50W
300,5,오쏘몰 이뮨 액상 드링크 독일 멀티 비타민 오르토몰 30일,75500 ,https://shop-phinf.pstatic.net/20221205_137/1670244615567o87lg_JPEG/71380461286820475_1254324094.jpg?type=f200,https://smartstore.naver.com/inflow/outlink/product?p=609511054&tr=bbrks&trx=,50W
301,6,힘가네 생강청 생강차 600g,26800 ,https://shop-phinf.pstatic.net/20221205_137/1670244615567o87lg_JPEG/71380461286820475_1254324094.jpg?type=f200,https://smartstore.naver.com/inflow/outlink/product?p=609511054&tr=bbrks&trx=,50W
302,7,"[백년화편] 밥알찹쌀떡 (아침대용 간편식 개별포장떡, 어르신/어른/할머니/할아버지/부모님 간식, 맛있는 건강떡)",39000 ,https://shop-phinf.pstatic.net/20221205_137/1670244615567o87lg_JPEG/71380461286820475_1254324094.jpg?type=f200,https://smartstore.naver.com/inflow/outlink/product?p=609511054&tr=bbrks&trx=,50W
303,8,보리 보리쌀 5kg 찰보리 쌀보리 늘보리 국산보리 햇보리,10900 ,https://shop-phinf.pstatic.net/20221205_137/1670244615567o87lg_JPEG/71380461286820475_1254324094.jpg?type=f200,https://smartstore.naver.com/inflow/outlink/product?p=609511054&tr=bbrks&trx=,50W
304,9,르무통 메이트 발 편한 메리노울 운동화,109900 ,https://shop-phinf.pstatic.net/20221205_137/1670244615567o87lg_JPEG/71380461286820475_1254324094.jpg?type=f200,https://smartstore.naver.com/inflow/outlink/product?p=609511054&tr=bbrks&trx=,50W
305,10,종근당건강 락토핏 골드 3통(150일분) / 20억 보장 생유산균 유산균 먹이 대사산물 함유,33000 ,https://shop-phinf.pstatic.net/20221205_137/1670244615567o87lg_JPEG/71380461286820475_1254324094.jpg?type=f200,https://smartstore.naver.com/inflow/outlink/product?p=609511054&tr=bbrks&trx=,50W
306,11,무농약 유럽샐러드 유러피안 1kg 로메인상추 카이피라 버터헤드 등 모듬샐러드채소,9900 ,https://shop-phinf.pstatic.net/20221205_137/1670244615567o87lg_JPEG/71380461286820475_1254324094.jpg?type=f200,https://smartstore.naver.com/inflow/outlink/product?p=609511054&tr=bbrks&trx=,50W
307,12,유세린 이븐래디언스 기미잡티케어 톤업광채 듀오앰플 30ml(15mlx2) +사은품증정,45900 ,https://shop-phinf.pstatic.net/20221205_137/1670244615567o87lg_JPEG/71380461286820475_1254324094.jpg?type=f200,https://smartstore.naver.com/inflow/outlink/product?p=609511054&tr=bbrks&trx=,50W
308,13,국내산 제철 햇 완두콩 이유식 스프 깐완두콩,7900 ,https://shop-phinf.pstatic.net/20221205_137/1670244615567o87lg_JPEG/71380461286820475_1254324094.jpg?type=f200,https://smartstore.naver.com/inflow/outlink/product?p=609511054&tr=bbrks&trx=,50W
309,14,티젠 콤부차 레몬 30스틱X3박스 (90스틱),32900 ,https://shop-phinf.pstatic.net/20221205_137/1670244615567o87lg_JPEG/71380461286820475_1254324094.jpg?type=f200,https://smartstore.naver.com/inflow/outlink/product?p=609511054&tr=bbrks&trx=,50W
310,15,[국내산 100% 대용량] 비비고 포기 배추김치 10KG,47290 ,https://shop-phinf.pstatic.net/20221205_137/1670244615567o87lg_JPEG/71380461286820475_1254324094.jpg?type=f200,https://smartstore.naver.com/inflow/outlink/product?p=609511054&tr=bbrks&trx=,50W
311,16,(타임세일) 프로네이처 캣 홀리스틱 그레인프리 오리&오렌지 5.44kg 고양이사료,44500 ,https://shop-phinf.pstatic.net/20221205_137/1670244615567o87lg_JPEG/71380461286820475_1254324094.jpg?type=f200,https://smartstore.naver.com/inflow/outlink/product?p=609511054&tr=bbrks&trx=,50W
312,17,★ 푹신폭신 구름 실내화 1개+1개,19900 ,https://shop-phinf.pstatic.net/20221205_137/1670244615567o87lg_JPEG/71380461286820475_1254324094.jpg?type=f200,https://smartstore.naver.com/inflow/outlink/product?p=609511054&tr=bbrks&trx=,50W
313,18,김의준 세척 꿀고구마,13900 ,https://shop-phinf.pstatic.net/20221205_137/1670244615567o87lg_JPEG/71380461286820475_1254324094.jpg?type=f200,https://smartstore.naver.com/inflow/outlink/product?p=609511054&tr=bbrks&trx=,50W
314,19,"달바 비건 옐로우 미스트 세럼 100mlX2개 / 최대 32% / 오리지널 VER / 수분 광채 승무원 이중 보습 스프레이 / 2,400만병 누적 판매 스테디셀러",40800 ,https://shop-phinf.pstatic.net/20221205_137/1670244615567o87lg_JPEG/71380461286820475_1254324094.jpg?type=f200,https://smartstore.naver.com/inflow/outlink/product?p=609511054&tr=bbrks&trx=,50W
315,20,고려은단 비타민C 1000 720정 X 1개 (24개월분),49900 ,https://shop-phinf.pstatic.net/20221205_137/1670244615567o87lg_JPEG/71380461286820475_1254324094.jpg?type=f200,https://smartstore.naver.com/inflow/outlink/product?p=609511054&tr=bbrks&trx=,50W
316,21,스테비아 토마토 샤인마토 방울토마토 허니마토,2500 ,https://shop-phinf.pstatic.net/20221205_137/1670244615567o87lg_JPEG/71380461286820475_1254324094.jpg?type=f200,https://smartstore.naver.com/inflow/outlink/product?p=609511054&tr=bbrks&trx=,50W
317,22,고려은단 비타민C 1000 600정 X 1개 (20개월분),41900 ,https://shop-phinf.pstatic.net/20221205_137/1670244615567o87lg_JPEG/71380461286820475_1254324094.jpg?type=f200,https://smartstore.naver.com/inflow/outlink/product?p=609511054&tr=bbrks&trx=,50W
318,23,22년 햇 생아몬드 1kg 구운아몬드 아몬드슬라이스,9900 ,https://shop-phinf.pstatic.net/20221205_137/1670244615567o87lg_JPEG/71380461286820475_1254324094.jpg?type=f200,https://smartstore.naver.com/inflow/outlink/product?p=609511054&tr=bbrks&trx=,50W
319,24,마사토 안동마 참마 산마 장마 생마 2kg 5kg,11900 ,https://shop-phinf.pstatic.net/20221205_137/1670244615567o87lg_JPEG/71380461286820475_1254324094.jpg?type=f200,https://smartstore.naver.com/inflow/outlink/product?p=609511054&tr=bbrks&trx=,50W
320,25,22년산 햇 생아몬드 1kg 당일 구운 아몬드 슬라이스,10500 ,https://shop-phinf.pstatic.net/20221205_137/1670244615567o87lg_JPEG/71380461286820475_1254324094.jpg?type=f200,https://smartstore.naver.com/inflow/outlink/product?p=609511054&tr=bbrks&trx=,50W
321,26,불로홈 손수건 무형광 유아 아기 순면 대나무 가제 케릭터 엠보 밤무 밤부 거즈,280 ,https://shop-phinf.pstatic.net/20221205_137/1670244615567o87lg_JPEG/71380461286820475_1254324094.jpg?type=f200,https://smartstore.naver.com/inflow/outlink/product?p=609511054&tr=bbrks&trx=,50W
322,27,국산 쪄서볶은 서리태 콩물가루 검은콩가루 500g 검정콩분말 쉐이크,7500 ,https://shop-phinf.pstatic.net/20221205_137/1670244615567o87lg_JPEG/71380461286820475_1254324094.jpg?type=f200,https://smartstore.naver.com/inflow/outlink/product?p=609511054&tr=bbrks&trx=,50W
323,28,비비고죽 햇반 소프트밀 420g 소고기죽 1개,2130 ,https://shop-phinf.pstatic.net/20221205_137/1670244615567o87lg_JPEG/71380461286820475_1254324094.jpg?type=f200,https://smartstore.naver.com/inflow/outlink/product?p=609511054&tr=bbrks&trx=,50W
324,29,산과들에 22년산 햇 생아몬드1kg 볶음아몬드800g (햇견과류 햇견과),11900 ,https://shop-phinf.pstatic.net/20221205_137/1670244615567o87lg_JPEG/71380461286820475_1254324094.jpg?type=f200,https://smartstore.naver.com/inflow/outlink/product?p=609511054&tr=bbrks&trx=,50W
325,30,22년 햇 호두 1/4태 1kg 호두분태 호두1/2 반태,7900 ,https://shop-phinf.pstatic.net/20221205_137/1670244615567o87lg_JPEG/71380461286820475_1254324094.jpg?type=f200,https://smartstore.naver.com/inflow/outlink/product?p=609511054&tr=bbrks&trx=,50W
326,31,[팔도농장] 햇 수미감자 홍감자 개진감자 제주감자 3kg 5kg 10kg,5600 ,https://shop-phinf.pstatic.net/20221205_137/1670244615567o87lg_JPEG/71380461286820475_1254324094.jpg?type=f200,https://smartstore.naver.com/inflow/outlink/product?p=609511054&tr=bbrks&trx=,50W
327,32,네츄럴코어 천연 닭가슴살 180g 슬라이스 강아지 간식,5600 ,https://shop-phinf.pstatic.net/20221205_137/1670244615567o87lg_JPEG/71380461286820475_1254324094.jpg?type=f200,https://smartstore.naver.com/inflow/outlink/product?p=609511054&tr=bbrks&trx=,50W
328,33,도레이씨 안경닦이[추가상품 김서림방지안경수건] 도레이 안경천 극세사 초극세사 클리너 선물,6800 ,https://shop-phinf.pstatic.net/20221205_137/1670244615567o87lg_JPEG/71380461286820475_1254324094.jpg?type=f200,https://smartstore.naver.com/inflow/outlink/product?p=609511054&tr=bbrks&trx=,50W
329,34,고려은단 비타민C 1000 이지+비타민D 180정 x 1개 (3개월분),15900 ,https://shop-phinf.pstatic.net/20221205_137/1670244615567o87lg_JPEG/71380461286820475_1254324094.jpg?type=f200,https://smartstore.naver.com/inflow/outlink/product?p=609511054&tr=bbrks&trx=,50W
330,35,뉴트리코어 브라질 그린 프로폴리스 NCS SIF인증 1개월분 (1500mgX60정),29000 ,https://shop-phinf.pstatic.net/20221205_137/1670244615567o87lg_JPEG/71380461286820475_1254324094.jpg?type=f200,https://smartstore.naver.com/inflow/outlink/product?p=609511054&tr=bbrks&trx=,50W
331,36,2023 햇 수미감자 카스테라 홍감자 국내산 3kg 5kg 10kg,5900 ,https://shop-phinf.pstatic.net/20221205_137/1670244615567o87lg_JPEG/71380461286820475_1254324094.jpg?type=f200,https://smartstore.naver.com/inflow/outlink/product?p=609511054&tr=bbrks&trx=,50W
332,37,뉴케어 구수한맛 완전균형영양식 200ml 30팩,48900 ,https://shop-phinf.pstatic.net/20221205_137/1670244615567o87lg_JPEG/71380461286820475_1254324094.jpg?type=f200,https://smartstore.naver.com/inflow/outlink/product?p=609511054&tr=bbrks&trx=,50W
333,38,뉴트리코어 코엔자임Q10 코큐텐 혈압 항산화 남성 여성 1박스,39000 ,https://shop-phinf.pstatic.net/20221205_137/1670244615567o87lg_JPEG/71380461286820475_1254324094.jpg?type=f200,https://smartstore.naver.com/inflow/outlink/product?p=609511054&tr=bbrks&trx=,50W
334,39,아이깨끗해 핸드워시 450ml 리필 x 4개+200ml 리필 / 손세정제,12900 ,https://shop-phinf.pstatic.net/20221205_137/1670244615567o87lg_JPEG/71380461286820475_1254324094.jpg?type=f200,https://smartstore.naver.com/inflow/outlink/product?p=609511054&tr=bbrks&trx=,50W
335,40,순면누빔 고정밴드 여름 침대패드 슈퍼싱글 퀸 라지킹 패밀리사이즈,21900 ,https://shop-phinf.pstatic.net/20221205_137/1670244615567o87lg_JPEG/71380461286820475_1254324094.jpg?type=f200,https://smartstore.naver.com/inflow/outlink/product?p=609511054&tr=bbrks&trx=,50W
336,41,대천김 재래김 20g 10봉 / 20봉 / 30봉,23000 ,https://shop-phinf.pstatic.net/20221205_137/1670244615567o87lg_JPEG/71380461286820475_1254324094.jpg?type=f200,https://smartstore.naver.com/inflow/outlink/product?p=609511054&tr=bbrks&trx=,50W
337,42,지리산산골 3년숙성 토종 황 매실원액1800ml 임산부 매실액 매실액기스 매실청,13500 ,https://shop-phinf.pstatic.net/20221205_137/1670244615567o87lg_JPEG/71380461286820475_1254324094.jpg?type=f200,https://smartstore.naver.com/inflow/outlink/product?p=609511054&tr=bbrks&trx=,50W
338,43,복방앗간 국산 검은콩 미숫가루 검은콩50% 순수곡물 300g 500g,9300 ,https://shop-phinf.pstatic.net/20221205_137/1670244615567o87lg_JPEG/71380461286820475_1254324094.jpg?type=f200,https://smartstore.naver.com/inflow/outlink/product?p=609511054&tr=bbrks&trx=,50W
339,44,닥터바이 아이즈 강아지 눈 영양제 눈물 자국 냄새 반려견 루테인 보조제,24900 ,https://shop-phinf.pstatic.net/20221205_137/1670244615567o87lg_JPEG/71380461286820475_1254324094.jpg?type=f200,https://smartstore.naver.com/inflow/outlink/product?p=609511054&tr=bbrks&trx=,50W
340,45,국산 햇 고춧가루 500g 보통맛 고추가루 보통굵기,15500 ,https://shop-phinf.pstatic.net/20221205_137/1670244615567o87lg_JPEG/71380461286820475_1254324094.jpg?type=f200,https://smartstore.naver.com/inflow/outlink/product?p=609511054&tr=bbrks&trx=,50W
341,46,1am 3번 씻은 알뜰 샐러드 100g x 10팩 도시락 식단 야채 정기배송 단호박,21400 ,https://shop-phinf.pstatic.net/20221205_137/1670244615567o87lg_JPEG/71380461286820475_1254324094.jpg?type=f200,https://smartstore.naver.com/inflow/outlink/product?p=609511054&tr=bbrks&trx=,50W
342,47,비정제 원당 10kg/ 갈색설탕 사탕수수당,14900 ,https://shop-phinf.pstatic.net/20221205_137/1670244615567o87lg_JPEG/71380461286820475_1254324094.jpg?type=f200,https://smartstore.naver.com/inflow/outlink/product?p=609511054&tr=bbrks&trx=,50W
343,48,산지직송 석군참외 당도선별 가정용 선물용 성주참외 실중량,8900 ,https://shop-phinf.pstatic.net/20221205_137/1670244615567o87lg_JPEG/71380461286820475_1254324094.jpg?type=f200,https://smartstore.naver.com/inflow/outlink/product?p=609511054&tr=bbrks&trx=,50W
344,49,"종근당건강 프로메가 알티지 오메가3듀얼 (3박스,3개월분)",30900 ,https://shop-phinf.pstatic.net/20221205_137/1670244615567o87lg_JPEG/71380461286820475_1254324094.jpg?type=f200,https://smartstore.naver.com/inflow/outlink/product?p=609511054&tr=bbrks&trx=,50W
345,50,"[네이처리퍼블릭] 블랙빈 탈모증상 개선 샴푸 (대용량) 520ml, 택1",16900 ,https://shop-phinf.pstatic.net/20221205_137/1670244615567o87lg_JPEG/71380461286820475_1254324094.jpg?type=f200,https://smartstore.naver.com/inflow/outlink/product?p=609511054&tr=bbrks&trx=,50W
346,1,햇반 백미 205Gx36개,33200 ,https://shop-phinf.pstatic.net/20230426_96/1682470778561Arq5l_JPEG/654444243788631_1568427577.jpg?type=f200,https://smartstore.naver.com/inflow/outlink/product?p=7751067789&tr=bbrks&trx=,50M
347,2,착한감자탕 3kg+3kg,32900 ,https://shop-phinf.pstatic.net/20230426_96/1682470778561Arq5l_JPEG/654444243788631_1568427577.jpg?type=f200,https://smartstore.naver.com/inflow/outlink/product?p=7751067789&tr=bbrks&trx=,50M
348,3,1kg 원두 커피 베트남 로부스타 블루드래곤 워시드 G1 홀빈 원두콩 맛있는 고소한 당일 로스팅,8100 ,https://shop-phinf.pstatic.net/20230426_96/1682470778561Arq5l_JPEG/654444243788631_1568427577.jpg?type=f200,https://smartstore.naver.com/inflow/outlink/product?p=7751067789&tr=bbrks&trx=,50M
349,4,61년전통 알품게 삼대인천게장 간장게장 양념게장 연평도 꽃게장 암꽃게,41990 ,https://shop-phinf.pstatic.net/20230426_96/1682470778561Arq5l_JPEG/654444243788631_1568427577.jpg?type=f200,https://smartstore.naver.com/inflow/outlink/product?p=7751067789&tr=bbrks&trx=,50M
350,5,무지 반팔 티셔츠 긴팔 흰티 면티,4200 ,https://shop-phinf.pstatic.net/20230426_96/1682470778561Arq5l_JPEG/654444243788631_1568427577.jpg?type=f200,https://smartstore.naver.com/inflow/outlink/product?p=7751067789&tr=bbrks&trx=,50M
351,6,컵라면 진라면매운맛+순한맛+육개장사발면+신라면+컵누들,3450 ,https://shop-phinf.pstatic.net/20230426_96/1682470778561Arq5l_JPEG/654444243788631_1568427577.jpg?type=f200,https://smartstore.naver.com/inflow/outlink/product?p=7751067789&tr=bbrks&trx=,50M
352,7,쌀10kg 인기품종 모음전 백진주 경기미 고시히카리 신동진쌀 오대쌀 추청쌀 수향미,24500 ,https://shop-phinf.pstatic.net/20230426_96/1682470778561Arq5l_JPEG/654444243788631_1568427577.jpg?type=f200,https://smartstore.naver.com/inflow/outlink/product?p=7751067789&tr=bbrks&trx=,50M
353,8,[조선비책] 발효침향환 함량55% 조선황림 공진단경옥고상자 침향 침향단 효능 1박스60환,99000 ,https://shop-phinf.pstatic.net/20230426_96/1682470778561Arq5l_JPEG/654444243788631_1568427577.jpg?type=f200,https://smartstore.naver.com/inflow/outlink/product?p=7751067789&tr=bbrks&trx=,50M
354,9,순결한백미 쌀 10kg,39800 ,https://shop-phinf.pstatic.net/20230426_96/1682470778561Arq5l_JPEG/654444243788631_1568427577.jpg?type=f200,https://smartstore.naver.com/inflow/outlink/product?p=7751067789&tr=bbrks&trx=,50M
355,10,늘봄식품 열풍 서리태 볶음 국산 볶은 속청 검정콩 검은콩 200g,7500 ,https://shop-phinf.pstatic.net/20230426_96/1682470778561Arq5l_JPEG/654444243788631_1568427577.jpg?type=f200,https://smartstore.naver.com/inflow/outlink/product?p=7751067789&tr=bbrks&trx=,50M
356,11,기장끝집 오직 전복죽 밀키트 전복내장 간편 영양죽,10000 ,https://shop-phinf.pstatic.net/20230426_96/1682470778561Arq5l_JPEG/654444243788631_1568427577.jpg?type=f200,https://smartstore.naver.com/inflow/outlink/product?p=7751067789&tr=bbrks&trx=,50M
357,12,계란찜기 호빵 계란삶는기계 찐빵 고구마 에그쿠커 미니찜기,7400 ,https://shop-phinf.pstatic.net/20230426_96/1682470778561Arq5l_JPEG/654444243788631_1568427577.jpg?type=f200,https://smartstore.naver.com/inflow/outlink/product?p=7751067789&tr=bbrks&trx=,50M
358,13,국산 서리태 2kg 약콩 청약콩 검은콩 쥐눈이콩 검정콩 속청,15900 ,https://shop-phinf.pstatic.net/20230426_96/1682470778561Arq5l_JPEG/654444243788631_1568427577.jpg?type=f200,https://smartstore.naver.com/inflow/outlink/product?p=7751067789&tr=bbrks&trx=,50M
359,14,완숙 찰 토마토 덜익은 못난이 쥬스용 주스용 10kg 5kg 3kg,8900 ,https://shop-phinf.pstatic.net/20230426_96/1682470778561Arq5l_JPEG/654444243788631_1568427577.jpg?type=f200,https://smartstore.naver.com/inflow/outlink/product?p=7751067789&tr=bbrks&trx=,50M
360,15,국내가공 백진미채 1kg 오징어실채 500g 오징어채 모음,14900 ,https://shop-phinf.pstatic.net/20230426_96/1682470778561Arq5l_JPEG/654444243788631_1568427577.jpg?type=f200,https://smartstore.naver.com/inflow/outlink/product?p=7751067789&tr=bbrks&trx=,50M
361,16,최상품 아귀포 아귀채 구운 아구포 아귀포채 1kg,27400 ,https://shop-phinf.pstatic.net/20230426_96/1682470778561Arq5l_JPEG/654444243788631_1568427577.jpg?type=f200,https://smartstore.naver.com/inflow/outlink/product?p=7751067789&tr=bbrks&trx=,50M
362,17,종가집 국산 포기김치 10kg 태백 종갓집 배추김치 갓담은 김장,44700 ,https://shop-phinf.pstatic.net/20230426_96/1682470778561Arq5l_JPEG/654444243788631_1568427577.jpg?type=f200,https://smartstore.naver.com/inflow/outlink/product?p=7751067789&tr=bbrks&trx=,50M
363,18,국내산 유기농 무농약 흙 세척 미니 당근 주스용 쥬스용 당근,9900 ,https://shop-phinf.pstatic.net/20230426_96/1682470778561Arq5l_JPEG/654444243788631_1568427577.jpg?type=f200,https://smartstore.naver.com/inflow/outlink/product?p=7751067789&tr=bbrks&trx=,50M
364,19,띠앗농장 제주 레드 비트 5kg,14900 ,https://shop-phinf.pstatic.net/20230426_96/1682470778561Arq5l_JPEG/654444243788631_1568427577.jpg?type=f200,https://smartstore.naver.com/inflow/outlink/product?p=7751067789&tr=bbrks&trx=,50M
365,20,해물총각 냉동 해물모듬 900g 해물믹스,7300 ,https://shop-phinf.pstatic.net/20230426_96/1682470778561Arq5l_JPEG/654444243788631_1568427577.jpg?type=f200,https://smartstore.naver.com/inflow/outlink/product?p=7751067789&tr=bbrks&trx=,50M
366,21,생 아몬드 1kg 구운아몬드 아몬드슬라이스 볶음아몬드 햇아몬드,8900 ,https://shop-phinf.pstatic.net/20230426_96/1682470778561Arq5l_JPEG/654444243788631_1568427577.jpg?type=f200,https://smartstore.naver.com/inflow/outlink/product?p=7751067789&tr=bbrks&trx=,50M
367,22,[품질보증제]가문어통족 업그레이드 시즌4 대왕 오징어 건어물,13900 ,https://shop-phinf.pstatic.net/20230426_96/1682470778561Arq5l_JPEG/654444243788631_1568427577.jpg?type=f200,https://smartstore.naver.com/inflow/outlink/product?p=7751067789&tr=bbrks&trx=,50M
368,23,소고기 모둠 800g 4개 부위 살치살 부채살 우삼겹 토시살 갈비살 수입산 구이용,29900 ,https://shop-phinf.pstatic.net/20230426_96/1682470778561Arq5l_JPEG/654444243788631_1568427577.jpg?type=f200,https://smartstore.naver.com/inflow/outlink/product?p=7751067789&tr=bbrks&trx=,50M
369,24,보영만두 쫄면 2인분 캠핑 택배 음식 비빔 요리,6500 ,https://shop-phinf.pstatic.net/20230426_96/1682470778561Arq5l_JPEG/654444243788631_1568427577.jpg?type=f200,https://smartstore.naver.com/inflow/outlink/product?p=7751067789&tr=bbrks&trx=,50M
370,25,네이처드림 간에 좋은 밀크씨슬 900mg 30정 5박스 실리마린 간건강,20500 ,https://shop-phinf.pstatic.net/20230426_96/1682470778561Arq5l_JPEG/654444243788631_1568427577.jpg?type=f200,https://smartstore.naver.com/inflow/outlink/product?p=7751067789&tr=bbrks&trx=,50M
371,26,22년산 켈리포니아 햇 호두 1kg/레드호두/호두분태/호두반태,6200 ,https://shop-phinf.pstatic.net/20230426_96/1682470778561Arq5l_JPEG/654444243788631_1568427577.jpg?type=f200,https://smartstore.naver.com/inflow/outlink/product?p=7751067789&tr=bbrks&trx=,50M
372,27,노브랜드 카스타드,3480 ,https://shop-phinf.pstatic.net/20230426_96/1682470778561Arq5l_JPEG/654444243788631_1568427577.jpg?type=f200,https://smartstore.naver.com/inflow/outlink/product?p=7751067789&tr=bbrks&trx=,50M
373,28,[레노마셔츠]긴팔 드레스 셔츠/남방 컬렉션,29200 ,https://shop-phinf.pstatic.net/20230426_96/1682470778561Arq5l_JPEG/654444243788631_1568427577.jpg?type=f200,https://smartstore.naver.com/inflow/outlink/product?p=7751067789&tr=bbrks&trx=,50M
374,29,노브랜드 별미맛김치1.9kg,10980 ,https://shop-phinf.pstatic.net/20230426_96/1682470778561Arq5l_JPEG/654444243788631_1568427577.jpg?type=f200,https://smartstore.naver.com/inflow/outlink/product?p=7751067789&tr=bbrks&trx=,50M
375,30,자우버 일회용 안경닦이 렌즈클리너 안경티슈 200매,12100 ,https://shop-phinf.pstatic.net/20230426_96/1682470778561Arq5l_JPEG/654444243788631_1568427577.jpg?type=f200,https://smartstore.naver.com/inflow/outlink/product?p=7751067789&tr=bbrks&trx=,50M
376,31,[무료배송] G7커피 퓨어블랙 200T 외 / 베트남 원두 블랙 밀크 봉지 커피 믹스,16000 ,https://shop-phinf.pstatic.net/20230426_96/1682470778561Arq5l_JPEG/654444243788631_1568427577.jpg?type=f200,https://smartstore.naver.com/inflow/outlink/product?p=7751067789&tr=bbrks&trx=,50M
377,32,포켄스 카누들 필로팩 S 100p+S 32p 덴탈껌,34000 ,https://shop-phinf.pstatic.net/20230426_96/1682470778561Arq5l_JPEG/654444243788631_1568427577.jpg?type=f200,https://smartstore.naver.com/inflow/outlink/product?p=7751067789&tr=bbrks&trx=,50M
378,33,1+1 편광 클립 선글라스 운전 낚시 클립온 썬글라스 안경착용자용,24900 ,https://shop-phinf.pstatic.net/20230426_96/1682470778561Arq5l_JPEG/654444243788631_1568427577.jpg?type=f200,https://smartstore.naver.com/inflow/outlink/product?p=7751067789&tr=bbrks&trx=,50M
379,34,(1+1이벤트)산삼순백 -7년근 산양산삼추출액100% 압도적농도 지리산함양산 산삼진99업그레이드제품,390000 ,https://shop-phinf.pstatic.net/20230426_96/1682470778561Arq5l_JPEG/654444243788631_1568427577.jpg?type=f200,https://smartstore.naver.com/inflow/outlink/product?p=7751067789&tr=bbrks&trx=,50M
380,35,남자바지 조거팬츠 남성린넨바지 10부 슬랙스 스판 밴딩편한 여름 면바지 빅사이즈 데일리룩,29800 ,https://shop-phinf.pstatic.net/20230426_96/1682470778561Arq5l_JPEG/654444243788631_1568427577.jpg?type=f200,https://smartstore.naver.com/inflow/outlink/product?p=7751067789&tr=bbrks&trx=,50M
381,36,천안 원조 할머니학화호두과자 간식 붉은 흰앙금 15 30알,5000 ,https://shop-phinf.pstatic.net/20230426_96/1682470778561Arq5l_JPEG/654444243788631_1568427577.jpg?type=f200,https://smartstore.naver.com/inflow/outlink/product?p=7751067789&tr=bbrks&trx=,50M
382,37,이나바 챠오츄르 고양이 간식 참치 4p,1890 ,https://shop-phinf.pstatic.net/20230426_96/1682470778561Arq5l_JPEG/654444243788631_1568427577.jpg?type=f200,https://smartstore.naver.com/inflow/outlink/product?p=7751067789&tr=bbrks&trx=,50M
383,38,"[당도선별] 세척 사과 9~11입, 2kg (박스)",9900 ,https://shop-phinf.pstatic.net/20230426_96/1682470778561Arq5l_JPEG/654444243788631_1568427577.jpg?type=f200,https://smartstore.naver.com/inflow/outlink/product?p=7751067789&tr=bbrks&trx=,50M
384,39,연세 루테인 플러스 4개월분 연세대학교 연세생활건강 인포벨 홈쇼핑 마리골드꽃 추출물,49840 ,https://shop-phinf.pstatic.net/20230426_96/1682470778561Arq5l_JPEG/654444243788631_1568427577.jpg?type=f200,https://smartstore.naver.com/inflow/outlink/product?p=7751067789&tr=bbrks&trx=,50M
385,40,고당도 뉴질랜드 제스프리 골드키위 2.8kg 5.8kg 점보 특대과 대과 중과 팩포장,27900 ,https://shop-phinf.pstatic.net/20230426_96/1682470778561Arq5l_JPEG/654444243788631_1568427577.jpg?type=f200,https://smartstore.naver.com/inflow/outlink/product?p=7751067789&tr=bbrks&trx=,50M
386,41,메디힐 티트리 에센셜 마스크 10+10매 /진정 리부트 / 11년 연속 1위,19800 ,https://shop-phinf.pstatic.net/20230426_96/1682470778561Arq5l_JPEG/654444243788631_1568427577.jpg?type=f200,https://smartstore.naver.com/inflow/outlink/product?p=7751067789&tr=bbrks&trx=,50M
387,42,사자발약쑥 인절미,16000 ,https://shop-phinf.pstatic.net/20230426_96/1682470778561Arq5l_JPEG/654444243788631_1568427577.jpg?type=f200,https://smartstore.naver.com/inflow/outlink/product?p=7751067789&tr=bbrks&trx=,50M
388,43,쿠비녹스 접이식 여행용 전기포트 휴대용 미니 커피 분유 포트 캠핑용 햇반 화이트A,36900 ,https://shop-phinf.pstatic.net/20230426_96/1682470778561Arq5l_JPEG/654444243788631_1568427577.jpg?type=f200,https://smartstore.naver.com/inflow/outlink/product?p=7751067789&tr=bbrks&trx=,50M
389,44,워터픽 교체용 손잡이,20000 ,https://shop-phinf.pstatic.net/20230426_96/1682470778561Arq5l_JPEG/654444243788631_1568427577.jpg?type=f200,https://smartstore.naver.com/inflow/outlink/product?p=7751067789&tr=bbrks&trx=,50M
390,45,위드유 양면코팅 방수앞치마 고리형 중 주방 업소용 작업용,4800 ,https://shop-phinf.pstatic.net/20230426_96/1682470778561Arq5l_JPEG/654444243788631_1568427577.jpg?type=f200,https://smartstore.naver.com/inflow/outlink/product?p=7751067789&tr=bbrks&trx=,50M
391,46,"천우 식용 색소 분말가루 분홍, 빨강, 노랑, 초록 1g X 30개입",1440 ,https://shop-phinf.pstatic.net/20230426_96/1682470778561Arq5l_JPEG/654444243788631_1568427577.jpg?type=f200,https://smartstore.naver.com/inflow/outlink/product?p=7751067789&tr=bbrks&trx=,50M
392,47,채우다모 맥주효모 비오틴 판토텐산(3개월분) 약사/한의사 개발,29900 ,https://shop-phinf.pstatic.net/20230426_96/1682470778561Arq5l_JPEG/654444243788631_1568427577.jpg?type=f200,https://smartstore.naver.com/inflow/outlink/product?p=7751067789&tr=bbrks&trx=,50M
393,48,원형 회전스툴의자 미용 진료 진찰 실험실 작업 보조 카운터 시술 네일,17900 ,https://shop-phinf.pstatic.net/20230426_96/1682470778561Arq5l_JPEG/654444243788631_1568427577.jpg?type=f200,https://smartstore.naver.com/inflow/outlink/product?p=7751067789&tr=bbrks&trx=,50M
394,49,[착한김치] 생포기(배추)김치10kg 맛없다면 무료반품,26400 ,https://shop-phinf.pstatic.net/20230426_96/1682470778561Arq5l_JPEG/654444243788631_1568427577.jpg?type=f200,https://smartstore.naver.com/inflow/outlink/product?p=7751067789&tr=bbrks&trx=,50M
395,50,"탠디본사 소가죽 샌들, 9122039 2color 택1 (2.5cm)",87000 ,https://shop-phinf.pstatic.net/20230426_96/1682470778561Arq5l_JPEG/654444243788631_1568427577.jpg?type=f200,https://smartstore.naver.com/inflow/outlink/product?p=7751067789&tr=bbrks&trx=,50M
